Id,LotArea,OverallQual,OverallCond,YearBuilt,GrLivArea,BedroomAbvGr,TotalBsmtSF,GarageArea,SalePrice,Neighborhood,HouseStyle,SaleCondition
1,8424,6,3,1950,1386,1,776,457,259886,CollgCr,SFoyer,AdjLand
2,8343,2,4,1911,1313,6,897,55,144872,NAmes,SLvl,Alloca
3,12852,7,1,1928,2446,1,1661,608,292626,OldTown,1Story,Alloca
4,16457,10,4,1947,1223,4,1022,244,285946,SawyerW,SFoyer,Partial
5,18461,8,8,1946,1226,5,814,357,259299,NridgHt,SFoyer,Partial
6,7006,10,2,1915,2055,4,1424,245,369767,NAmes,1Story,Alloca
7,3676,10,6,1943,1273,1,706,393,319198,CollgCr,1Story,Family
8,7826,5,8,1936,1306,3,514,227,260334,OldTown,SLvl,Normal
9,7385,8,1,1927,1530,4,1074,699,294402,SawyerW,1.5Fin,Abnorml
10,6031,7,9,1935,1764,2,487,419,260492,OldTown,1Story,Abnorml
11,15728,3,4,1984,1560,1,937,417,245677,NridgHt,2Story,Family
12,17023,9,1,1958,1990,4,1086,752,308033,Gilbert,SFoyer,AdjLand
13,11903,2,8,1981,1236,1,1064,479,191136,NAmes,SLvl,Abnorml
14,8557,9,2,1946,1638,6,1085,550,325037,Somerst,1.5Fin,Alloca
15,13836,6,8,1915,1933,3,1681,468,271446,NridgHt,1.5Fin,AdjLand
16,13421,3,9,1902,1619,1,1708,302,216510,SawyerW,1.5Fin,Family
17,12246,2,5,1966,1297,5,940,255,184001,Edwards,2Story,AdjLand
18,1905,4,4,1966,1811,4,1287,852,249353,Somerst,2Story,Family
19,2523,10,6,1957,1788,1,826,939,338427,Edwards,1.5Fin,Abnorml
20,13864,8,1,1961,1852,1,1158,263,281913,Gilbert,2Story,AdjLand
21,8394,3,7,2001,1359,4,1258,393,187600,OldTown,2Story,Abnorml
22,17490,1,3,1975,2203,4,1204,727,264427,NridgHt,2Story,Alloca
23,11188,9,3,1902,2824,2,1671,302,318361,Edwards,1Story,Partial
24,10394,4,5,1964,1909,2,1716,487,277346,NAmes,1.5Fin,AdjLand
25,922,10,9,1953,1978,5,1500,584,366572,OldTown,SLvl,Normal
26,2074,3,3,1918,1563,5,1156,333,191607,SawyerW,SLvl,AdjLand
27,14026,2,9,1907,1503,5,1089,264,215406,CollgCr,SFoyer,Partial
28,2341,10,9,1977,1684,4,1149,264,346822,SawyerW,2Story,Family
29,7900,9,5,1971,1762,4,973,567,318965,Edwards,SFoyer,Normal
30,16225,4,5,2000,1569,3,1381,766,243483,OldTown,1.5Fin,Abnorml
31,8518,8,4,1995,1981,2,489,548,347583,SawyerW,SFoyer,Partial
32,6660,7,4,1945,1951,4,1791,752,297663,NAmes,SFoyer,Partial
33,9403,9,5,1965,1737,1,1379,429,335482,OldTown,1.5Fin,Abnorml
34,16627,7,5,1951,1700,1,1651,219,269173,Somerst,1Story,Family
35,10914,3,7,1909,1489,5,1189,582,193437,CollgCr,SFoyer,Normal
36,13536,6,9,1953,1354,2,876,668,265496,CollgCr,2Story,Partial
37,7093,1,3,1925,2140,4,1284,473,193381,NridgHt,1Story,Partial
38,9328,1,1,1902,1499,4,766,584,177013,CollgCr,SFoyer,Family
39,1465,8,9,2006,2514,2,1666,630,353049,OldTown,SFoyer,Partial
40,17419,1,3,1901,2289,1,1844,495,214773,Gilbert,SLvl,Family
41,15344,5,4,1988,1351,3,1066,681,238319,SawyerW,1.5Fin,Abnorml
42,9856,1,5,1927,1836,5,1295,333,204024,Edwards,2Story,Alloca
43,7456,1,2,1933,1613,3,922,396,173412,SawyerW,2Story,Family
44,3343,10,7,1997,1843,6,1999,689,384984,OldTown,1Story,Family
45,4344,9,7,1993,1320,5,1203,320,329087,Edwards,1Story,Normal
46,8491,1,3,1981,722,6,544,631,126873,NAmes,SLvl,Family
47,10186,4,8,1933,2393,5,1670,263,290552,NWAmes,1.5Fin,Normal
48,10146,5,4,1993,1833,4,1084,369,263514,CollgCr,SFoyer,Family
49,7537,5,1,1978,1276,6,753,394,239833,OldTown,1Story,AdjLand
50,12255,1,8,1934,1074,6,739,546,169160,SawyerW,1.5Fin,AdjLand
51,17173,8,8,1998,2278,4,1890,1025,377714,SawyerW,SFoyer,Partial
52,11940,7,4,1926,1560,3,1137,497,246018,OldTown,SLvl,Family
53,6527,9,5,1914,1395,1,1169,361,302170,NWAmes,SFoyer,Partial
54,8192,3,7,1944,2529,3,1905,413,284194,Gilbert,1Story,Abnorml
55,13593,1,5,1932,1152,3,1036,497,180076,NAmes,1.5Fin,Normal
56,13480,1,5,1981,1120,2,733,476,196505,NridgHt,SFoyer,Normal
57,11962,7,9,1970,1559,5,1311,416,284022,Somerst,SFoyer,Normal
58,5481,9,3,1921,781,6,565,403,273676,Somerst,SFoyer,Family
59,8235,4,5,1961,1031,2,767,603,165804,SawyerW,2Story,AdjLand
60,12089,6,8,1954,1496,1,1159,654,266633,NridgHt,2Story,Partial
61,4840,5,4,1902,1498,4,813,625,211643,NWAmes,1.5Fin,Alloca
62,2954,6,3,1987,2328,3,1619,590,312591,Edwards,SFoyer,AdjLand
63,1734,8,7,1939,2090,6,1542,506,318003,NWAmes,1Story,Normal
64,4650,7,9,2009,600,2,439,529,231570,SawyerW,1Story,Family
65,9742,8,2,1970,1504,1,1259,684,284851,OldTown,1.5Fin,Alloca
66,15510,7,2,1912,1162,2,904,328,220856,NAmes,1Story,Alloca
67,8165,5,8,1935,2195,2,1815,348,269535,Gilbert,1.5Fin,Normal
68,15409,1,4,1963,1464,4,814,625,191355,NridgHt,2Story,AdjLand
69,13625,1,6,1991,834,6,655,838,164746,NWAmes,2Story,Partial
70,11508,4,4,1959,1345,4,1277,362,267524,OldTown,2Story,AdjLand
71,13977,7,1,1976,1803,2,1430,1026,274059,OldTown,SFoyer,AdjLand
72,14062,6,2,1910,1898,6,1222,684,301962,NWAmes,1Story,Partial
73,10849,7,6,1942,1275,4,961,538,262379,Edwards,SFoyer,Partial
74,15394,5,7,1911,1429,2,1074,187,248438,NridgHt,1.5Fin,Family
75,14857,8,1,1980,725,1,510,442,218346,NAmes,1.5Fin,Abnorml
76,8242,2,6,1946,1701,6,1826,384,194601,NridgHt,1.5Fin,Partial
77,7884,1,2,1903,1609,4,1068,281,173991,NWAmes,2Story,AdjLand
78,13858,3,1,2002,500,2,323,459,165292,NridgHt,1.5Fin,AdjLand
79,17906,6,2,1965,1771,1,1241,573,253840,OldTown,SFoyer,Normal
80,11944,2,5,1979,1571,4,1153,185,214061,OldTown,2Story,Abnorml
81,7689,7,8,1979,1783,1,800,417,304580,Somerst,SLvl,Partial
82,9650,6,5,1994,1090,3,938,557,265878,Edwards,1.5Fin,Normal
83,9833,7,5,1931,1137,1,885,228,256884,Edwards,SFoyer,Partial
84,12374,1,5,1929,1840,1,1409,760,185427,NridgHt,SLvl,Abnorml
85,-1885,8,5,1999,1709,5,1468,666,318800,NridgHt,2Story,Normal
86,4110,4,5,1904,1611,3,922,508,211557,Gilbert,1.5Fin,Abnorml
87,18526,10,5,1909,1756,1,1138,478,318251,OldTown,SLvl,Normal
88,8023,3,7,1989,791,1,904,397,168868,Somerst,SLvl,Partial
89,-2704,7,7,1902,2609,6,1656,600,273072,Gilbert,2Story,AdjLand
90,5794,2,2,1951,2170,1,1373,515,225256,SawyerW,2Story,Family
91,6656,7,2,1973,1153,3,710,496,267141,CollgCr,1Story,AdjLand
92,18376,8,4,1938,1761,1,1684,726,291145,Gilbert,1Story,Family
93,6545,10,3,1981,1579,4,726,718,340976,Gilbert,SLvl,Abnorml
94,17844,7,6,1915,1820,5,1859,552,259715,NAmes,1.5Fin,Normal
95,2949,7,8,1970,2005,2,1250,361,284103,NWAmes,SLvl,AdjLand
96,5745,3,1,1900,1829,4,1064,531,238559,OldTown,SFoyer,AdjLand
97,13700,2,2,1916,1199,6,908,275,187462,CollgCr,1.5Fin,Family
98,10137,9,2,1906,1680,1,641,299,260111,CollgCr,SLvl,Family
99,9333,2,4,1916,2077,2,2121,380,200136,Edwards,1Story,Partial
100,6914,10,5,1920,764,3,676,682,243434,SawyerW,SFoyer,Abnorml
101,9834,10,5,1978,1061,2,840,529,292100,NridgHt,SFoyer,Abnorml
102,3020,5,2,1998,1194,5,786,241,276979,SawyerW,SLvl,Family
103,6355,2,5,1968,1156,3,849,350,166645,CollgCr,SFoyer,Abnorml
104,11624,3,1,1937,1279,5,762,131,146080,NridgHt,1Story,Family
105,16777,1,4,1919,1321,1,760,594,163457,NAmes,1Story,Normal
106,13689,1,6,1938,1764,5,1388,542,215968,OldTown,2Story,Partial
107,18796,10,8,1920,2277,1,1601,613,356919,Somerst,SFoyer,Partial
108,14550,1,1,1982,1608,5,665,282,187741,SawyerW,SFoyer,Abnorml
109,10426,3,1,1905,1604,1,1178,608,218970,Edwards,2Story,AdjLand
110,5491,4,9,1977,1549,5,822,262,255435,Somerst,1Story,Partial
111,8841,1,8,1991,1029,1,406,671,171103,Edwards,1Story,Partial
112,5740,4,1,1915,951,6,869,369,138193,NAmes,1.5Fin,Family
113,4090,9,7,1987,1645,2,1117,785,347654,OldTown,1.5Fin,Abnorml
114,12809,4,3,1995,1804,4,1172,292,283196,SawyerW,SFoyer,AdjLand
115,12070,9,1,2009,2731,2,1998,913,382747,OldTown,2Story,Normal
116,7859,1,2,1913,1917,1,1223,807,182124,NAmes,2Story,Family
117,12848,1,2,1994,2443,5,1728,367,264310,Gilbert,1Story,Abnorml
118,21933,4,4,1914,1383,1,1075,783,182236,Somerst,SFoyer,Normal
119,6616,3,2,2001,1515,1,960,690,209071,NAmes,1.5Fin,Partial
120,14127,10,9,1960,2429,4,1293,702,379732,SawyerW,1Story,Partial
121,6806,8,1,1968,775,3,613,269,250989,Edwards,1.5Fin,Normal
122,16355,1,6,1962,1522,5,1264,738,140792,NridgHt,SLvl,Partial
123,-823,10,3,1936,1970,6,1399,619,338647,SawyerW,1Story,Family
124,5924,6,6,1912,922,6,725,565,195924,NAmes,1.5Fin,Abnorml
125,6570,5,5,1954,1979,2,938,785,280518,NAmes,1.5Fin,Alloca
126,13693,6,9,1919,1410,4,816,333,228244,NWAmes,1.5Fin,Alloca
127,12458,4,3,1942,500,3,353,630,162113,OldTown,2Story,Abnorml
128,12367,6,9,1944,564,6,458,702,246298,CollgCr,2Story,Family
129,12302,2,4,1949,1665,3,1098,659,213856,CollgCr,1.5Fin,Abnorml
130,19783,7,8,1904,2172,6,1571,369,292829,Somerst,SFoyer,Normal
131,9475,3,5,1977,1496,6,1068,891,193529,Gilbert,2Story,Family
132,11074,10,4,1986,1127,6,868,358,317001,CollgCr,SFoyer,Abnorml
133,5343,7,3,1932,1835,5,1824,548,260212,OldTown,1.5Fin,Normal
134,16081,7,8,1913,500,2,372,685,221063,SawyerW,1.5Fin,Normal
135,15456,10,8,1969,1658,3,1599,535,313613,NWAmes,2Story,Family
136,10203,3,7,1965,1430,1,891,686,211473,Somerst,1.5Fin,AdjLand
137,15056,7,1,1901,2489,5,1355,283,303484,Gilbert,SLvl,Abnorml
138,15889,7,8,1927,1854,2,1848,824,294754,NWAmes,SLvl,Family
139,1857,4,3,1945,1025,3,762,301,195798,NWAmes,1.5Fin,Abnorml
140,9882,5,7,1987,777,6,666,505,216471,Somerst,1.5Fin,Abnorml
141,10661,5,6,1961,804,2,783,718,239133,NAmes,1Story,Alloca
142,13462,6,3,1967,1074,1,552,530,238225,Somerst,1.5Fin,Alloca
143,18607,2,3,2009,1588,4,1033,594,232919,CollgCr,SLvl,Family
144,7836,5,4,1963,1207,1,636,489,207457,SawyerW,1Story,Partial
145,14475,7,4,2005,1873,2,1605,580,315267,OldTown,SLvl,Alloca
146,6685,1,3,2007,1141,4,1037,332,187212,NridgHt,SFoyer,AdjLand
147,15545,2,3,1981,1039,6,774,507,199120,CollgCr,SLvl,AdjLand
148,11182,8,3,1904,1313,6,1117,562,257154,NridgHt,1.5Fin,AdjLand
149,7860,9,9,1998,1848,1,1178,627,352599,NWAmes,SFoyer,Partial
150,8107,9,5,1964,1131,2,886,399,285351,NridgHt,1.5Fin,Abnorml
151,9888,10,2,2000,2004,5,1113,431,386328,NAmes,1Story,Abnorml
152,3737,8,1,2000,1629,6,1138,419,325663,CollgCr,2Story,Normal
153,1364,8,3,1912,979,6,625,543,275143,OldTown,1.5Fin,Alloca
154,6139,5,5,1923,1585,1,1207,240,243691,NWAmes,SLvl,Alloca
155,3920,1,2,1999,1742,1,1467,393,207582,OldTown,SFoyer,AdjLand
156,7874,9,2,1910,892,1,551,520,246405,NAmes,1Story,Normal
157,10694,4,2,1916,1104,6,608,408,186698,OldTown,1Story,Partial
158,4912,9,8,1958,1648,1,699,556,309478,NAmes,1Story,Normal
159,17496,10,2,1949,1197,4,1017,843,282808,NWAmes,SFoyer,Family
160,19215,3,3,2002,1224,4,1161,685,250301,Gilbert,SFoyer,Partial
161,16850,10,6,1937,1369,5,742,207,287187,NAmes,2Story,Alloca
162,4571,5,7,1931,2093,4,1798,158,240678,Somerst,1Story,Partial
163,19397,5,5,1954,2119,3,1529,151,297395,OldTown,1.5Fin,Alloca
164,15465,8,6,1968,708,6,564,539,233691,Edwards,1.5Fin,Alloca
165,-1021,1,7,1959,1204,4,821,485,158443,NridgHt,1Story,Abnorml
166,14558,7,9,1933,1553,2,900,236,268591,Edwards,2Story,Normal
167,7784,3,5,1946,1083,2,817,112,248764,NridgHt,1Story,Partial
168,9501,8,2,1919,1973,1,1448,447,324717,NAmes,2Story,Alloca
169,8171,8,4,1933,1861,5,1551,624,319726,Somerst,1Story,Partial
170,11399,4,3,1948,500,4,362,121,149730,NWAmes,1Story,Alloca
171,9024,7,2,1990,1873,6,941,387,299687,OldTown,1.5Fin,Abnorml
172,21112,4,3,1904,1487,1,850,736,210453,NAmes,1.5Fin,Alloca
173,16619,8,1,1912,2014,3,1831,388,278604,CollgCr,SFoyer,Partial
174,14072,6,5,1949,1211,2,994,572,250032,NAmes,SFoyer,Family
175,8450,4,1,1920,1817,6,1772,338,242926,CollgCr,SFoyer,Normal
176,8392,2,8,1943,1918,3,1531,642,229262,Edwards,1Story,Abnorml
177,11064,8,9,1918,1236,1,743,573,248100,NridgHt,2Story,Partial
178,4477,8,2,1940,2448,6,1828,636,356596,Edwards,SLvl,AdjLand
179,-3279,5,2,1932,1540,2,914,564,241476,Somerst,SFoyer,Abnorml
180,10890,1,5,1918,1397,2,972,564,140717,NWAmes,1Story,Alloca
181,14361,5,3,1946,500,2,369,755,191445,Edwards,2Story,Abnorml
182,15840,10,2,2006,994,2,802,340,313094,OldTown,SLvl,Family
183,10483,4,5,1925,2266,1,939,452,240098,Somerst,SFoyer,Normal
184,-29,1,7,1997,1446,3,1076,486,213026,NAmes,2Story,Family
185,9325,6,1,1945,960,6,599,490,221347,NridgHt,SFoyer,Alloca
186,15601,1,5,1913,2440,5,1586,254,215844,OldTown,1Story,Abnorml
187,12120,2,4,1979,1595,1,1115,868,260535,Edwards,1.5Fin,Normal
188,10395,10,8,1966,1639,2,1413,447,338502,NAmes,1.5Fin,Normal
189,9980,8,8,1974,1095,2,887,641,258820,Edwards,2Story,Family
190,311,10,8,1995,1407,6,1295,782,335214,Gilbert,SLvl,Alloca
191,9698,9,1,1950,1660,3,997,653,301328,NridgHt,SFoyer,Alloca
192,14565,1,6,1966,560,6,493,255,163796,NAmes,1.5Fin,Normal
193,12988,9,3,1908,1349,4,873,375,303940,NWAmes,1Story,Normal
194,4978,1,5,1986,1336,1,737,518,183095,Somerst,1Story,Alloca
195,8749,1,7,1930,1892,1,1184,771,240495,SawyerW,1.5Fin,Normal
196,4434,8,9,1918,1967,5,1506,833,267650,Somerst,1.5Fin,Abnorml
197,4201,2,9,1936,1866,2,939,376,191723,SawyerW,1.5Fin,Alloca
198,8618,8,8,2004,1356,4,1089,542,326951,Gilbert,1Story,Partial
199,7973,3,4,1941,4583,1,3554,403,156843,CollgCr,SLvl,Partial
200,5897,8,1,1966,1209,2,972,491,265960,OldTown,SFoyer,Partial
201,16564,6,3,1986,1701,1,1109,876,282734,NWAmes,1.5Fin,Family
202,18514,3,7,1913,677,5,478,298,130063,OldTown,SFoyer,Partial
203,3834,10,2,1948,1957,3,1305,681,321730,Gilbert,1.5Fin,Normal
204,8082,8,7,1956,1903,4,1668,569,291960,Edwards,1Story,Partial
205,15056,6,4,1941,1649,1,1184,484,257690,Somerst,SLvl,Partial
206,13688,9,7,1966,2562,1,1242,297,381226,NridgHt,SFoyer,Normal
207,12821,2,9,1929,1893,5,1028,649,215391,Gilbert,SFoyer,AdjLand
208,966,8,6,1988,1766,1,1144,583,335334,Somerst,SLvl,Abnorml
209,19747,2,5,1988,852,6,256,470,184301,SawyerW,2Story,Alloca
210,15995,4,7,1923,1844,6,1422,703,248271,NAmes,SFoyer,Normal
211,9587,1,5,1990,1483,5,894,862,203854,OldTown,SFoyer,Alloca
212,14761,10,5,1982,1511,5,891,582,342108,CollgCr,2Story,Abnorml
213,10360,9,9,1913,1695,4,1466,425,265706,NAmes,1Story,Family
214,8993,10,6,1918,909,1,511,576,277313,CollgCr,1.5Fin,Abnorml
215,13542,8,7,1902,2490,4,921,248,334297,Edwards,1Story,Abnorml
216,20035,10,3,1940,1624,3,1155,299,323193,NWAmes,1Story,Abnorml
217,19505,7,4,1952,1129,2,491,534,259148,Gilbert,2Story,Normal
218,7057,5,7,1971,1659,6,1331,625,246965,CollgCr,1Story,AdjLand
219,13646,6,9,1931,1073,3,654,677,210503,OldTown,2Story,Family
220,8830,3,2,1925,1107,2,1087,650,189493,OldTown,1.5Fin,Partial
221,5212,4,7,1948,1046,2,680,717,199885,OldTown,1.5Fin,Alloca
222,10161,8,6,1968,2043,1,1849,594,366044,SawyerW,1Story,Alloca
223,4587,5,7,1903,1144,1,737,684,183349,Edwards,1.5Fin,Abnorml
224,17750,2,2,1971,686,6,384,506,143587,Somerst,1Story,Abnorml
225,6015,5,3,2004,1415,6,608,749,291344,OldTown,1.5Fin,Abnorml
226,12339,1,6,1986,832,6,400,536,155190,NWAmes,2Story,AdjLand
227,13840,6,2,1923,1397,6,863,411,240850,OldTown,SFoyer,Abnorml
228,9535,5,3,1948,1535,5,783,172,206466,Edwards,SLvl,AdjLand
229,4263,9,5,1955,1185,6,909,461,282258,NAmes,2Story,Family
230,6382,2,1,2001,1644,4,1539,249,265647,Gilbert,SLvl,Abnorml
231,19931,5,9,1911,787,5,450,564,175028,NWAmes,SLvl,Normal
232,-1441,4,7,1986,561,1,378,735,211014,SawyerW,1.5Fin,Abnorml
233,5235,9,3,1999,1093,3,765,569,295024,Somerst,2Story,Abnorml
234,9850,8,8,1930,1680,6,1149,461,275823,NridgHt,1.5Fin,Abnorml
235,8180,3,4,1942,1327,6,507,717,182087,NWAmes,SFoyer,Abnorml
236,7824,2,5,1901,915,2,712,650,141410,CollgCr,1.5Fin,AdjLand
237,12195,2,3,1941,889,1,580,747,215950,NWAmes,1Story,Family
238,2326,6,5,1913,1605,3,646,150,245361,NAmes,1.5Fin,Normal
239,12730,5,5,1983,1506,2,1438,559,253181,SawyerW,2Story,Normal
240,13734,5,6,1948,1807,5,1729,418,274763,NridgHt,1.5Fin,Abnorml
241,7130,1,1,1913,857,1,685,216,144893,NWAmes,2Story,Partial
242,8864,10,2,1918,1301,1,802,4,305550,NAmes,SFoyer,AdjLand
243,10916,4,4,1992,1411,5,680,257,226095,NAmes,SLvl,Family
244,3136,7,6,1908,1684,2,1319,699,221594,Gilbert,1.5Fin,Normal
245,11985,8,6,1972,1570,5,982,698,333844,Gilbert,SLvl,Alloca
246,6944,2,1,1992,956,3,493,424,208256,NWAmes,2Story,Partial
247,10563,6,9,1981,1818,1,1143,303,305454,SawyerW,SLvl,AdjLand
248,5387,6,9,1930,2024,2,1295,595,284740,SawyerW,1Story,Abnorml
249,9268,5,2,1924,1126,2,574,517,174695,SawyerW,SLvl,Alloca
250,14817,2,7,1986,1302,6,1005,665,181987,CollgCr,SLvl,Normal
251,21166,8,7,1969,2102,2,968,366,311182,Gilbert,2Story,Normal
252,6287,6,1,1901,1996,2,683,401,262799,Gilbert,1Story,Alloca
253,7799,4,2,1993,1708,6,1188,317,243174,CollgCr,2Story,Partial
254,9736,9,9,1945,653,5,428,427,241118,NridgHt,SLvl,Normal
255,16098,1,4,1932,1030,4,1179,579,145911,CollgCr,1Story,Partial
256,19233,3,3,1970,1567,5,896,315,190732,Somerst,SLvl,Family
257,12498,5,8,1901,3093,1,1633,518,312755,OldTown,SLvl,Family
258,7098,10,7,2007,1372,5,978,612,319287,SawyerW,1Story,Partial
259,12454,6,9,1927,1400,3,877,402,234943,NWAmes,SFoyer,Partial
260,6039,6,1,1942,1055,5,670,719,227151,NAmes,2Story,Family
261,15823,3,5,1949,1413,5,968,758,194837,NAmes,SLvl,Normal
262,7945,4,7,1981,1361,2,912,592,197884,OldTown,1Story,Partial
263,7010,6,6,1965,1726,3,1494,272,292906,NridgHt,SFoyer,Alloca
264,10441,6,4,2003,1668,6,1398,515,293393,NWAmes,SFoyer,AdjLand
265,8554,7,5,1921,1261,5,855,350,196495,NridgHt,1Story,Abnorml
266,12853,10,2,1974,1127,6,989,687,303140,Gilbert,1Story,AdjLand
267,6231,6,3,1935,2003,2,1424,219,273712,Gilbert,SFoyer,Abnorml
268,7710,10,5,2010,1163,2,813,503,331610,NAmes,1Story,Normal
269,12443,10,6,1992,1710,6,687,406,346508,NridgHt,1.5Fin,Family
270,3076,1,8,1951,1606,1,848,682,222354,CollgCr,SLvl,Partial
271,6272,8,7,1932,2445,6,2027,528,339470,NridgHt,2Story,Normal
272,15330,1,3,1926,1486,4,1337,809,186790,NridgHt,SLvl,Family
273,4333,10,9,1919,1127,3,653,787,285967,NAmes,1.5Fin,Family
274,8924,9,8,1971,974,1,856,599,275083,SawyerW,SFoyer,Normal
275,18326,6,3,1980,1614,2,1178,525,294851,Edwards,SLvl,Abnorml
276,11847,5,6,1994,1934,2,1500,465,243059,SawyerW,1Story,Partial
277,10047,4,8,2010,789,4,433,797,220674,NAmes,1Story,Family
278,6904,1,2,2003,2358,5,1366,546,252675,Gilbert,SFoyer,AdjLand
279,11022,4,1,1932,2279,3,1611,686,264391,Somerst,SFoyer,Abnorml
280,16577,10,3,1961,783,3,368,463,310659,Somerst,1Story,Partial
281,16437,1,8,1931,1899,5,1073,373,227501,NridgHt,1Story,AdjLand
282,17488,3,7,2010,1780,2,1728,356,223595,NAmes,2Story,Partial
283,16696,3,9,1994,1002,4,553,544,178232,Gilbert,1.5Fin,Normal
284,11999,10,4,1925,2447,2,1171,730,364909,Gilbert,1Story,Family
285,10954,1,1,1940,1722,5,1866,358,177006,SawyerW,2Story,Family
286,603,9,9,1914,1636,2,1057,577,288030,Edwards,1Story,Partial
287,22928,3,1,1933,1344,5,961,559,207196,NridgHt,1Story,Family
288,2701,8,9,1936,1382,6,871,904,266417,Somerst,SFoyer,AdjLand
289,11920,6,9,1953,1287,2,928,87,266490,Edwards,SLvl,Alloca
290,13372,5,7,1930,1075,1,540,738,218950,NAmes,SFoyer,Family
291,4985,9,6,1987,1117,1,602,989,267045,NWAmes,SLvl,Partial
292,10688,10,9,1948,1619,6,1473,491,301639,CollgCr,SFoyer,Alloca
293,5467,5,6,1909,1068,3,784,771,190623,NridgHt,SLvl,Alloca
294,17703,8,4,1918,2456,2,1968,411,336568,NridgHt,2Story,Family
295,7340,3,3,2005,1335,6,1307,372,231610,Gilbert,1.5Fin,AdjLand
296,8577,2,7,1919,1390,5,779,305,195054,SawyerW,1.5Fin,AdjLand
297,15260,2,5,1950,1363,6,1175,683,196856,OldTown,1Story,Family
298,6347,3,6,1962,695,4,476,374,180932,Somerst,1Story,Alloca
299,16669,4,1,1973,1459,3,925,735,233485,NWAmes,1Story,Alloca
300,18727,8,2,1925,1892,1,1840,412,329759,NWAmes,SFoyer,Partial
301,12873,1,5,1952,879,5,611,647,162814,NridgHt,1Story,Family
302,17581,4,6,2010,2004,4,1620,322,302031,NAmes,1Story,Alloca
303,4900,10,8,1959,1337,1,1060,496,288109,SawyerW,1Story,Family
304,-1014,4,4,1951,1714,4,1048,451,255564,NWAmes,1Story,Normal
305,7889,4,2,1973,1595,5,1456,676,206447,Edwards,1.5Fin,AdjLand
306,9874,1,9,1988,1764,1,725,630,230610,OldTown,1.5Fin,Partial
307,15727,4,9,1900,1742,4,1109,489,213270,SawyerW,SFoyer,Alloca
308,6629,7,1,1939,2488,3,2447,626,286443,Somerst,2Story,Abnorml
309,513,1,4,1968,831,2,472,238,124953,Edwards,SFoyer,Family
310,7575,9,1,1993,2171,3,1889,283,375732,NAmes,1.5Fin,Abnorml
311,1270,8,5,1925,1279,6,718,379,220646,NAmes,2Story,AdjLand
312,11255,2,1,1917,1848,6,1212,396,192210,SawyerW,2Story,AdjLand
313,19259,4,5,2002,1731,2,1565,854,242584,Edwards,1Story,Normal
314,13922,7,4,1984,1443,1,716,303,291023,OldTown,1Story,Abnorml
315,16565,8,5,1997,1571,2,973,732,307110,SawyerW,2Story,Abnorml
316,8635,4,7,1904,1859,6,1444,425,251745,CollgCr,2Story,AdjLand
317,14388,3,3,1955,1247,6,1041,544,256389,SawyerW,SLvl,Normal
318,18665,5,8,1944,727,2,530,839,162320,NWAmes,1.5Fin,Partial
319,11446,10,9,1996,1733,2,1140,919,337119,CollgCr,1Story,Partial
320,9050,4,3,1984,1299,3,1023,365,248452,NridgHt,2Story,Normal
321,9185,5,2,1992,1291,5,580,387,244223,NAmes,SLvl,Alloca
322,8291,2,7,1982,1584,6,876,541,209240,OldTown,1.5Fin,Abnorml
323,1495,2,6,1900,2057,1,1265,514,215004,OldTown,SFoyer,Partial
324,8309,9,9,1915,1729,3,1384,446,293797,NridgHt,2Story,Partial
325,9179,7,9,1926,2590,2,1742,255,326097,NAmes,SFoyer,Family
326,9915,10,4,1988,1444,1,918,682,364401,Gilbert,SFoyer,Alloca
327,8922,9,2,1937,1270,2,820,379,250776,NAmes,2Story,Normal
328,16707,10,6,1912,1006,3,757,368,232064,CollgCr,SFoyer,Alloca
329,8112,3,1,1940,1979,2,1278,547,248044,OldTown,2Story,Partial
330,16779,3,4,1925,1979,1,1179,480,219048,NWAmes,1Story,AdjLand
331,2888,9,6,1908,1506,3,1153,765,281368,NridgHt,SLvl,Abnorml
332,9550,8,8,1917,1285,4,1195,478,261824,OldTown,SFoyer,AdjLand
333,8503,9,5,1995,2097,3,1615,466,358494,Edwards,2Story,Alloca
334,14698,8,9,1930,530,1,298,883,199705,Gilbert,SFoyer,Family
335,8847,6,7,1951,1841,6,1058,187,244472,Somerst,1Story,Partial
336,14095,8,1,1914,965,2,561,357,243869,NridgHt,SLvl,Abnorml
337,4241,2,6,1950,1888,3,1289,582,234397,Gilbert,SLvl,Abnorml
338,6615,2,4,1987,2469,3,1470,658,259609,OldTown,1.5Fin,Abnorml
339,3236,4,6,2004,684,5,383,645,209957,OldTown,SFoyer,Alloca
340,15443,1,1,2009,839,3,857,150,180093,NridgHt,1Story,Alloca
341,5408,9,7,1917,2454,5,1644,431,333058,Somerst,1.5Fin,Partial
342,5145,7,9,2003,1843,1,750,309,317305,NAmes,1Story,Alloca
343,-529,7,8,1939,1507,1,1005,169,286671,NAmes,1.5Fin,Abnorml
344,13087,4,9,1905,1316,6,919,20,161181,Edwards,1.5Fin,Alloca
345,9010,1,7,1970,2216,4,1720,217,178809,NridgHt,1.5Fin,Partial
346,15882,3,8,2005,1559,1,1177,605,232748,OldTown,1.5Fin,Family
347,11533,9,3,1987,1437,3,943,687,327232,Somerst,SFoyer,Abnorml
348,3795,10,6,1956,1424,4,1181,386,326837,Somerst,1Story,Abnorml
349,3920,10,8,1964,1870,2,1352,328,339725,SawyerW,SFoyer,Normal
350,8976,5,7,1946,2109,1,1165,646,238317,Somerst,SFoyer,Normal
351,5954,1,9,2005,1363,2,799,386,230060,CollgCr,SLvl,Family
352,11570,7,2,1939,829,1,647,444,191777,Gilbert,SFoyer,Family
353,10005,6,7,1950,1046,2,895,263,203969,Somerst,2Story,Abnorml
354,10360,6,2,1952,1379,4,971,368,242180,Gilbert,2Story,Alloca
355,19585,5,3,1919,1669,3,1177,603,261167,Gilbert,1.5Fin,Abnorml
356,16200,7,5,1991,1010,2,791,571,246834,Edwards,1.5Fin,Normal
357,10880,6,2,1946,2096,2,2029,843,316927,OldTown,SFoyer,Partial
358,4324,9,1,1957,1515,4,896,743,309403,CollgCr,SFoyer,Abnorml
359,9306,5,6,1942,1144,3,502,370,234016,SawyerW,1Story,Abnorml
360,4751,3,1,2003,730,6,507,760,201183,CollgCr,SLvl,Normal
361,8554,7,7,1965,1992,1,1085,142,324049,NridgHt,1.5Fin,Normal
362,2738,8,3,1955,500,3,382,443,206223,Edwards,1Story,AdjLand
363,17663,3,5,1997,1780,2,960,478,258547,Somerst,2Story,Alloca
364,8630,5,1,1994,701,1,325,625,219271,SawyerW,1.5Fin,Alloca
365,-1397,6,3,1972,500,2,342,556,198464,NAmes,SFoyer,Normal
366,14922,6,2,2009,1012,3,925,-100,266189,NridgHt,SFoyer,Abnorml
367,14962,2,9,1972,1496,2,848,732,193831,SawyerW,SFoyer,Family
368,14260,7,3,2003,500,6,301,562,243914,SawyerW,SFoyer,Normal
369,6684,1,2,1959,1564,3,628,304,174827,NWAmes,SFoyer,Family
370,11321,4,1,1931,2043,2,1705,566,241884,Edwards,SFoyer,AdjLand
371,13306,10,8,1997,2231,4,1917,574,359354,Edwards,SFoyer,Family
372,15685,8,3,1915,688,2,406,636,224451,NAmes,SFoyer,Alloca
373,17596,4,1,1931,2636,1,1881,447,244799,Edwards,1Story,Alloca
374,15428,10,7,1933,2187,6,1625,3,354355,CollgCr,2Story,Abnorml
375,9820,9,3,1978,1264,1,976,91,304256,CollgCr,SLvl,Alloca
376,7988,10,9,1909,1553,6,757,334,283052,NAmes,SLvl,Family
377,1985,4,1,1923,1938,6,1213,526,235072,CollgCr,SLvl,Normal
378,9058,9,9,1945,756,1,485,528,294055,CollgCr,1.5Fin,Partial
379,15598,5,5,1997,1334,2,773,416,261429,CollgCr,SLvl,Abnorml
380,21286,9,7,1958,1508,6,1003,377,298269,CollgCr,1Story,Normal
381,5241,1,3,2008,2262,3,2026,593,225479,Somerst,1.5Fin,Partial
382,14478,1,6,1948,1780,4,1407,789,192306,NridgHt,1.5Fin,Abnorml
383,10474,1,7,1968,1859,3,1775,204,244878,Edwards,1.5Fin,Normal
384,19523,9,3,1913,1509,1,1153,338,290271,SawyerW,1Story,AdjLand
385,12429,3,4,1967,2196,5,1560,946,240929,CollgCr,2Story,Abnorml
386,9492,5,1,1991,500,4,468,624,199694,OldTown,1.5Fin,AdjLand
387,9462,4,6,1932,1712,5,1443,286,256718,OldTown,1Story,Alloca
388,17136,2,7,1938,1340,1,1090,423,177663,OldTown,SLvl,Normal
389,2180,8,9,1988,2309,3,909,632,345815,OldTown,SFoyer,Family
390,8502,2,8,1943,1984,1,1570,232,243215,Edwards,1.5Fin,Family
391,10199,6,5,1979,1823,6,1408,433,279764,Somerst,2Story,Normal
392,10891,3,8,1912,1132,5,742,497,177549,Edwards,1Story,Normal
393,7889,5,1,1934,1658,6,1390,456,250055,Somerst,1.5Fin,Partial
394,12888,3,9,1984,1929,4,1491,546,237027,NAmes,2Story,Family
395,13171,4,4,1997,1143,1,677,324,255125,NridgHt,2Story,Partial
396,7595,1,8,1956,1730,4,1220,281,188872,CollgCr,SFoyer,AdjLand
397,10919,3,4,1954,1266,4,1049,578,199206,NAmes,1Story,Alloca
398,11462,4,8,1995,1953,4,1760,959,274650,CollgCr,1Story,AdjLand
399,9193,9,1,1930,907,4,609,584,250059,NWAmes,2Story,Normal
400,12042,8,6,1912,2630,4,2400,435,341531,NWAmes,1.5Fin,Abnorml
401,5070,9,1,1980,1155,6,1001,534,322627,NWAmes,SLvl,Abnorml
402,13989,6,3,1949,1645,3,589,476,223804,OldTown,2Story,Normal
403,11722,10,8,1992,1804,2,1546,548,363305,NridgHt,SLvl,Abnorml
404,9656,2,7,1903,1139,4,772,638,145197,NridgHt,SLvl,Family
405,8179,8,4,1979,1771,4,1014,531,308622,NridgHt,1Story,AdjLand
406,9473,3,6,1952,2845,1,1911,416,300165,OldTown,SLvl,Partial
407,7010,10,8,1960,770,1,594,612,273097,OldTown,SLvl,Abnorml
408,13422,10,6,1996,2012,4,1485,631,391779,Gilbert,1.5Fin,Alloca
409,21847,4,3,1995,1358,1,895,535,281373,CollgCr,1.5Fin,Abnorml
410,445,3,7,1909,1280,5,827,602,149035,CollgCr,SFoyer,Abnorml
411,5656,8,9,1975,1295,4,660,464,323114,Gilbert,2Story,Family
412,5935,5,4,1952,1990,6,1663,465,263387,NAmes,SLvl,Family
413,19914,8,4,1986,970,6,554,561,311604,NWAmes,1.5Fin,Abnorml
414,5117,7,2,1926,1213,3,800,721,265513,NridgHt,SFoyer,Family
415,9895,8,6,1916,2214,5,1667,432,324246,Gilbert,1Story,AdjLand
416,5849,10,8,1942,1884,2,1195,439,313467,NWAmes,1Story,Family
417,14729,3,7,1947,2022,2,1314,743,219095,Edwards,1.5Fin,Partial
418,15058,5,3,2005,915,1,700,327,202930,Edwards,1Story,Alloca
419,9548,9,7,1992,1387,1,1089,136,313627,Edwards,2Story,Partial
420,18796,4,1,1903,1458,3,1356,611,196851,CollgCr,SLvl,Partial
421,-190,6,5,1953,1484,3,784,896,260117,NAmes,1.5Fin,Abnorml
422,6773,6,6,1964,1686,1,1188,731,262092,OldTown,SFoyer,AdjLand
423,11792,5,1,1929,1427,2,921,512,236430,NWAmes,2Story,Alloca
424,9252,2,8,1972,2231,6,1583,627,244208,NWAmes,2Story,Partial
425,8339,9,7,1966,714,2,668,561,247098,NWAmes,SLvl,Abnorml
426,20692,3,4,1939,1472,4,1016,548,208074,NridgHt,1.5Fin,AdjLand
427,18095,6,9,1992,1200,3,779,652,246588,Edwards,SFoyer,Normal
428,11737,4,6,1915,1475,4,688,708,183804,SawyerW,1.5Fin,Normal
429,13745,2,2,1979,1064,2,740,797,146167,Gilbert,1.5Fin,Alloca
430,18124,8,6,1979,1804,2,1408,885,341458,NAmes,SLvl,Abnorml
431,7121,2,8,1987,1190,3,1103,639,187081,Gilbert,1Story,Family
432,16284,1,1,1936,1581,3,917,195,172038,OldTown,SLvl,Alloca
433,17549,7,3,1930,1892,1,1094,581,300676,SawyerW,1Story,Normal
434,10470,5,7,1960,1150,4,914,625,192709,Edwards,2Story,Family
435,5561,4,8,1913,1903,5,1353,455,170737,OldTown,SLvl,Partial
436,9849,6,3,1993,1793,1,1009,579,313319,Edwards,SLvl,Partial
437,10338,1,5,1977,1634,3,1320,497,208139,NridgHt,1.5Fin,Partial
438,8256,10,6,1950,1143,4,857,562,336971,Edwards,1Story,Family
439,15552,3,3,2004,1293,3,809,690,241207,NridgHt,1Story,Partial
440,17573,3,6,1999,1963,6,1906,489,232234,NAmes,SLvl,AdjLand
441,11976,6,8,2000,692,3,571,224,231557,NridgHt,1Story,Normal
442,5599,4,6,1909,1730,6,1009,875,231153,Gilbert,1.5Fin,AdjLand
443,2161,7,5,1981,784,6,300,579,259912,NridgHt,SLvl,Normal
444,4836,10,9,1908,804,2,575,716,232039,Edwards,1.5Fin,Alloca
445,9316,6,2,1983,1614,6,913,384,327996,OldTown,SLvl,Partial
446,11429,9,6,1912,2838,6,2679,544,347953,Gilbert,2Story,AdjLand
447,23677,2,7,1925,778,4,233,447,116635,OldTown,SLvl,AdjLand
448,17193,9,3,1923,1329,5,962,570,269494,NridgHt,1Story,Normal
449,4331,4,9,1902,2294,2,1485,192,202292,SawyerW,2Story,Abnorml
450,12656,3,8,2002,1421,2,1016,395,206099,Gilbert,2Story,Alloca
451,1092,8,1,1911,1634,2,1264,431,259429,OldTown,2Story,Alloca
452,9570,3,4,1974,1412,2,887,238,223014,Somerst,SFoyer,Alloca
453,10749,1,8,1900,1301,6,1226,651,127940,OldTown,2Story,Alloca
454,7021,6,7,1998,1723,3,350,556,332329,Gilbert,1.5Fin,Partial
455,11667,3,4,1957,1781,2,1119,717,197088,NWAmes,SFoyer,Partial
456,4129,8,9,1925,1973,3,1443,354,300864,Gilbert,1Story,AdjLand
457,12110,2,6,1993,1084,2,699,314,154497,SawyerW,1Story,Normal
458,2300,8,6,1965,1705,3,774,326,317135,OldTown,SLvl,Family
459,17291,1,3,1980,850,6,638,241,162806,OldTown,SLvl,Alloca
460,17987,7,3,1936,2382,3,2173,514,311495,NWAmes,SFoyer,AdjLand
461,7159,5,6,1966,1866,6,674,408,279157,Somerst,SFoyer,Alloca
462,6598,10,5,1902,1405,5,1135,212,318841,NAmes,1.5Fin,Partial
463,8188,5,8,1920,1951,6,1544,562,255917,Edwards,2Story,Normal
464,9170,7,5,1915,1235,5,570,909,210714,SawyerW,1Story,Abnorml
465,110,7,4,1905,1487,6,966,558,247318,Somerst,1Story,Normal
466,14323,1,3,1915,826,4,604,458,110644,OldTown,1Story,Abnorml
467,8800,4,6,1986,1809,3,1654,771,249706,Edwards,SFoyer,Normal
468,16944,3,3,1923,1741,4,929,294,190187,SawyerW,SLvl,Family
469,3668,1,8,1970,1666,5,673,623,180296,SawyerW,2Story,Normal
470,2366,9,9,1918,954,5,672,659,275247,SawyerW,1Story,Partial
471,15028,7,4,1972,960,5,589,697,273531,NridgHt,SFoyer,Abnorml
472,6454,5,4,2001,1201,3,627,763,248268,NridgHt,SLvl,Partial
473,7196,10,6,1920,937,1,921,382,228700,NAmes,2Story,AdjLand
474,5482,2,7,1937,1546,2,955,578,187784,CollgCr,SFoyer,Partial
475,3875,2,7,1956,2173,3,1831,606,257468,Somerst,2Story,Normal
476,2281,5,5,2000,1835,4,1734,1157,260512,Somerst,SFoyer,Family
477,8251,6,7,1987,2038,2,1800,725,312065,SawyerW,2Story,Partial
478,10515,7,4,1933,1112,1,738,415,239399,Edwards,SFoyer,Alloca
479,19254,8,2,1993,1256,6,513,183,295859,OldTown,SLvl,Partial
480,12956,6,3,1920,1267,3,811,589,214911,NAmes,2Story,Abnorml
481,11897,10,5,1998,1953,2,822,130,402270,NridgHt,1Story,Family
482,942,7,4,1983,2141,2,1635,940,314242,SawyerW,1Story,Alloca
483,4547,6,7,1921,2421,5,865,588,278635,NridgHt,2Story,Partial
484,23690,2,6,1948,1969,3,1169,668,242537,Gilbert,SLvl,Alloca
485,10605,3,6,1998,1832,6,1442,614,230250,NridgHt,SFoyer,Family
486,8420,4,9,2010,2134,3,1323,549,305076,Edwards,SLvl,Normal
487,8887,7,1,1926,1179,2,736,495,223953,CollgCr,2Story,Family
488,15022,10,1,1934,836,5,625,670,263812,NAmes,SLvl,AdjLand
489,15915,6,9,2005,1775,2,1820,467,336239,Somerst,SLvl,Family
490,14982,9,6,1986,2191,6,1463,475,352398,Gilbert,1Story,Family
491,14432,5,9,1918,590,1,433,506,197324,Gilbert,2Story,Partial
492,3211,6,9,1917,1471,2,1396,496,247809,OldTown,2Story,Normal
493,16026,10,2,1920,1264,4,1067,633,282479,NAmes,2Story,AdjLand
494,20616,3,4,1996,1476,4,1050,284,258475,Gilbert,SFoyer,Partial
495,7602,8,1,1928,3047,2,3425,679,390970,OldTown,2Story,Normal
496,8941,5,2,1999,1185,3,896,375,228706,CollgCr,SLvl,AdjLand
497,14162,4,3,1922,1349,4,1211,332,225891,NWAmes,1Story,Family
498,5484,3,1,1936,1210,6,839,763,205374,Edwards,SLvl,AdjLand
499,13746,3,4,1985,1597,4,947,542,247513,Gilbert,1Story,Abnorml
500,3888,7,2,1968,1507,6,388,419,292966,NridgHt,2Story,Normal
501,8432,7,7,1988,1605,2,1194,534,340166,CollgCr,SFoyer,Alloca
502,19238,8,5,1924,1433,1,1288,298,259610,NWAmes,2Story,Abnorml
503,15448,2,8,1955,2030,6,1291,251,259730,CollgCr,1Story,Partial
504,3053,4,1,1928,1722,3,999,321,252499,Gilbert,1.5Fin,Abnorml
505,10049,8,8,1922,1718,6,1125,104,308576,Somerst,1Story,Normal
506,10522,7,2,1985,1096,3,860,558,257294,NridgHt,SLvl,Alloca
507,13132,8,9,1925,1373,3,945,397,238302,Edwards,SLvl,Partial
508,15247,9,3,1964,1456,3,1051,451,300916,Somerst,1Story,Family
509,11155,8,6,1966,728,5,604,319,241587,NAmes,1.5Fin,AdjLand
510,5505,6,4,1993,1990,3,1476,434,323604,Edwards,2Story,AdjLand
511,10662,5,6,1988,2126,4,1309,672,320263,Somerst,2Story,Partial
512,8450,6,8,1913,1355,2,622,536,236341,Somerst,SFoyer,Normal
513,16052,3,6,2008,500,2,339,612,191563,OldTown,1.5Fin,Partial
514,13000,1,4,1942,1448,2,1044,698,179859,NridgHt,SLvl,Normal
515,8921,2,5,1956,500,4,570,457,122945,NAmes,1.5Fin,Normal
516,7003,6,6,1916,1811,6,924,515,260418,Edwards,1.5Fin,Normal
517,11543,4,4,1929,653,5,493,431,150569,CollgCr,SLvl,AdjLand
518,-4700,2,4,1927,2139,2,1867,530,220049,CollgCr,1.5Fin,AdjLand
519,13210,4,7,1931,1314,5,760,319,210213,NWAmes,SFoyer,Normal
520,10972,1,7,1959,1132,5,1027,567,124578,Gilbert,2Story,Normal
521,19396,5,8,1911,1123,1,764,429,198672,Gilbert,SLvl,AdjLand
522,4648,5,6,1966,1544,1,1350,698,265068,NridgHt,1.5Fin,Alloca
523,13523,4,4,1949,1216,3,674,329,209457,NridgHt,1Story,Partial
524,8869,9,6,1917,4672,3,2964,522,190982,Edwards,SFoyer,Normal
525,9069,3,4,1985,1036,6,720,622,163243,NridgHt,1Story,Normal
526,6904,7,4,1941,1750,2,866,273,280923,SawyerW,2Story,Normal
527,4529,3,3,1933,1721,6,1073,172,197427,SawyerW,SLvl,Abnorml
528,9371,8,2,1917,1474,5,1216,662,318323,Edwards,SFoyer,Family
529,5341,6,3,1996,1850,1,1136,463,293558,NAmes,SLvl,Family
530,10662,9,3,1934,1305,1,843,905,253007,NAmes,SLvl,Abnorml
531,5116,8,2,2006,1752,3,1238,626,342741,NAmes,2Story,Partial
532,17893,6,2,1909,1229,6,901,795,227957,Somerst,1.5Fin,Family
533,1994,2,4,1956,500,1,342,493,136392,CollgCr,SLvl,AdjLand
534,8251,10,3,1948,1142,2,617,549,271017,Edwards,1.5Fin,Partial
535,5274,9,4,1917,1329,3,952,638,255282,NWAmes,1Story,Alloca
536,13138,6,7,1926,1610,2,1365,896,225221,SawyerW,2Story,AdjLand
537,21739,3,8,1964,1804,5,1146,375,238644,Somerst,1.5Fin,Family
538,5297,2,8,1936,1294,1,1084,543,196651,Somerst,1.5Fin,Abnorml
539,5867,9,9,1976,516,6,346,383,276826,Gilbert,SFoyer,AdjLand
540,14154,7,4,2008,832,2,658,386,258237,Gilbert,SFoyer,Partial
541,563,3,2,1923,1331,2,1072,725,164366,CollgCr,1Story,Abnorml
542,8591,8,1,1998,1719,3,1108,142,337534,Edwards,SLvl,Abnorml
543,10230,6,6,1913,1317,2,733,259,224952,CollgCr,1Story,Alloca
544,11052,1,4,1931,2414,2,1957,578,211820,Somerst,1Story,Partial
545,20252,8,4,1947,1547,1,750,673,311365,NWAmes,SFoyer,Normal
546,18187,4,4,1944,2048,4,1551,106,279235,Edwards,1.5Fin,AdjLand
547,11951,2,9,1995,1000,4,732,125,181744,Gilbert,2Story,Family
548,3652,1,9,1927,2426,1,1812,507,249584,CollgCr,1.5Fin,AdjLand
549,4936,1,1,1933,1006,2,798,312,156925,Edwards,2Story,Family
550,8593,7,1,1984,1122,2,943,454,240517,NridgHt,1Story,Abnorml
551,11118,1,2,1936,1903,2,1455,206,221418,CollgCr,1.5Fin,Normal
552,5340,6,3,1978,2038,5,1647,412,306485,NWAmes,1.5Fin,AdjLand
553,11422,8,7,1913,1169,6,969,465,242027,SawyerW,SLvl,Partial
554,342,2,1,1983,1025,5,816,562,203621,Somerst,1.5Fin,Abnorml
555,15335,10,9,1921,500,5,394,411,248713,NWAmes,1.5Fin,Alloca
556,12136,8,2,1913,1521,1,1014,399,297838,Gilbert,1.5Fin,Abnorml
557,11002,8,2,1902,2083,5,1087,219,304235,OldTown,1.5Fin,AdjLand
558,10541,8,5,1975,2067,1,2039,815,341086,SawyerW,SFoyer,Partial
559,13415,10,1,2010,1903,6,1153,439,388732,Somerst,2Story,Alloca
560,5729,7,1,1936,928,5,683,228,219787,CollgCr,1Story,Alloca
561,13203,8,6,1929,1203,3,916,355,242204,SawyerW,1.5Fin,Alloca
562,13613,10,4,1955,1867,2,1231,608,314219,OldTown,SLvl,Family
563,14779,3,9,1901,2375,5,1787,638,256243,OldTown,1Story,Partial
564,6150,2,3,1960,1283,4,714,127,207570,Gilbert,SFoyer,Abnorml
565,9387,6,9,1994,1905,4,1176,330,319879,SawyerW,1.5Fin,Alloca
566,16604,8,1,2007,2629,2,2133,727,393007,NridgHt,1.5Fin,AdjLand
567,1456,8,6,1939,500,5,386,418,213576,OldTown,SLvl,Alloca
568,14027,4,8,1943,1232,3,693,656,225270,Somerst,1.5Fin,Normal
569,4051,5,4,1950,2565,4,1876,720,316406,NAmes,1Story,Abnorml
570,12263,7,5,1930,1129,5,802,433,212162,CollgCr,2Story,AdjLand
571,20850,5,4,1907,500,5,379,432,189738,NWAmes,SLvl,Abnorml
572,5519,7,3,1969,1603,5,1173,546,293035,NridgHt,SLvl,AdjLand
573,8578,4,5,1972,1436,1,749,498,216512,Somerst,1.5Fin,AdjLand
574,1799,9,8,1957,2178,5,1655,460,352966,OldTown,1Story,Abnorml
575,17175,3,4,1917,1688,6,1268,666,171328,OldTown,1Story,Abnorml
576,9093,8,2,1908,1797,1,1272,295,284307,Gilbert,2Story,Abnorml
577,15970,1,7,1930,1124,5,736,534,152944,Gilbert,2Story,Abnorml
578,11404,6,1,1903,1508,6,1098,163,249710,NWAmes,1.5Fin,Normal
579,21564,10,7,1974,994,1,589,352,272167,CollgCr,SFoyer,Normal
580,8958,7,2,1963,1501,5,649,419,270820,NWAmes,1.5Fin,Normal
581,5777,10,7,1985,888,2,772,503,282406,CollgCr,1.5Fin,Family
582,8719,10,1,1942,1951,5,1566,592,320109,NAmes,SFoyer,AdjLand
583,5765,9,3,1979,1456,3,1073,465,315024,NridgHt,1Story,Abnorml
584,9361,1,3,2002,1472,6,1387,672,176075,SawyerW,SLvl,Partial
585,-2104,10,3,2003,1724,4,1212,740,365961,NWAmes,2Story,Alloca
586,1219,5,6,1902,1413,1,923,596,214082,Gilbert,SLvl,Family
587,12111,2,6,1942,1940,1,1687,394,208480,NWAmes,SLvl,Abnorml
588,12195,8,2,1927,1376,1,885,348,306443,Somerst,1Story,Abnorml
589,-3050,8,9,2006,1988,2,1547,485,330488,OldTown,SLvl,AdjLand
590,7400,5,5,1977,2198,2,1491,766,262977,NAmes,1Story,Abnorml
591,17365,5,1,1939,1136,5,1020,354,217766,NridgHt,SFoyer,Abnorml
592,10528,3,4,1909,1700,2,1177,670,190526,Edwards,SFoyer,Family
593,10391,1,7,1980,1380,4,882,625,179993,SawyerW,1.5Fin,Family
594,8914,3,7,1908,646,3,528,490,123907,NWAmes,1.5Fin,Abnorml
595,8492,8,5,1948,1344,4,994,548,284639,Somerst,SFoyer,Normal
596,10337,4,9,1989,1207,4,739,-57,252096,Gilbert,1.5Fin,AdjLand
597,7931,2,9,1981,1465,4,925,572,191996,NWAmes,SFoyer,Partial
598,12666,10,8,1978,1461,1,996,751,313053,Gilbert,1Story,Partial
599,2861,9,8,1947,2225,4,1497,517,337821,CollgCr,1Story,Family
600,11408,4,5,1948,733,4,614,340,152076,Gilbert,1.5Fin,AdjLand
601,12304,2,4,1908,1411,4,986,162,154889,OldTown,2Story,Family
602,14462,10,9,1969,948,6,655,-83,342529,NWAmes,1Story,AdjLand
603,2219,10,9,1926,1016,1,831,558,285232,Somerst,SFoyer,Alloca
604,11784,7,9,1909,1264,4,903,348,208780,OldTown,SLvl,Family
605,13442,5,6,1908,1778,1,1120,545,230422,Gilbert,1.5Fin,Partial
606,11239,8,4,1934,1510,6,1188,588,257464,NridgHt,2Story,Alloca
607,22564,7,9,1908,1991,6,1220,282,287689,Gilbert,2Story,Alloca
608,530,6,1,1901,907,3,728,564,163726,NWAmes,2Story,Alloca
609,5425,4,5,1926,1421,6,1013,239,227690,NAmes,SLvl,Normal
610,3455,10,9,1988,1456,6,1260,445,343901,SawyerW,SLvl,Abnorml
611,6523,8,1,1960,1546,3,1074,501,284770,OldTown,SFoyer,Family
612,3414,10,4,1936,2236,3,1466,482,339001,Gilbert,1.5Fin,Normal
613,8339,2,5,1944,1782,3,1414,664,233697,OldTown,1Story,Partial
614,8695,5,9,1952,2058,6,2076,651,268314,SawyerW,1.5Fin,Partial
615,18621,1,4,1942,1612,3,1183,350,220309,Somerst,1.5Fin,Normal
616,10587,9,5,1917,1642,2,1268,432,299496,Gilbert,1.5Fin,Normal
617,15747,10,8,1963,1292,3,951,182,284476,Somerst,SLvl,Abnorml
618,13186,8,8,1942,1833,2,1175,484,331540,Edwards,2Story,Normal
619,15531,4,9,1930,2014,3,810,514,239205,Edwards,SFoyer,Alloca
620,9648,8,4,1905,1218,2,801,484,255475,SawyerW,SLvl,Abnorml
621,13903,2,9,1979,1788,3,1134,749,181194,NridgHt,SFoyer,Abnorml
622,12589,6,1,1962,1715,1,1091,43,260387,NWAmes,2Story,Alloca
623,15246,2,6,1919,2200,6,1491,327,229775,SawyerW,1Story,Partial
624,9420,7,8,1960,1610,2,1346,649,247003,NWAmes,2Story,Normal
625,8415,4,6,1986,1218,6,843,428,253196,NAmes,SLvl,Abnorml
626,3772,1,9,1962,1886,1,1463,563,194421,Gilbert,SLvl,Partial
627,22280,9,1,1934,2559,2,1774,362,383533,Somerst,2Story,AdjLand
628,2909,7,6,1900,1623,4,1286,-85,250154,NAmes,SFoyer,Family
629,10153,3,8,1998,1220,2,525,472,170944,Somerst,1.5Fin,Normal
630,14270,4,2,1958,1474,5,939,818,249967,SawyerW,2Story,Alloca
631,11987,4,3,1902,1803,2,1273,561,263160,NWAmes,2Story,AdjLand
632,3669,5,4,1918,1743,3,1101,519,226615,SawyerW,2Story,Partial
633,14979,2,4,1956,2128,5,1476,211,225704,NAmes,1.5Fin,Alloca
634,10280,1,8,1973,1365,4,688,645,198666,CollgCr,SFoyer,Abnorml
635,9693,9,9,1946,1219,5,842,667,284256,CollgCr,SFoyer,AdjLand
636,11000,8,3,1975,1549,1,1127,394,295873,Somerst,SFoyer,Family
637,6820,6,1,1930,1691,4,1171,809,247099,OldTown,1.5Fin,Normal
638,15151,6,8,1918,1585,4,1059,568,275475,NWAmes,SLvl,Abnorml
639,13203,2,1,1953,1002,5,584,-263,169037,NridgHt,1Story,AdjLand
640,9163,10,3,1993,1953,3,1109,962,346868,NAmes,1Story,Partial
641,9986,7,3,1981,537,2,308,556,235850,OldTown,SLvl,Partial
642,10587,5,5,1957,1876,5,1152,483,287491,OldTown,SLvl,Abnorml
643,6951,8,3,1927,1452,4,1094,345,282133,NridgHt,1Story,AdjLand
644,8294,5,3,1967,1465,2,1154,871,241939,NridgHt,SFoyer,Alloca
645,14060,9,4,1917,1700,1,1056,272,280186,OldTown,1Story,Partial
646,12792,2,4,1913,763,3,404,429,145673,Somerst,1.5Fin,Family
647,10826,1,2,1973,1787,6,1234,744,190526,Edwards,SFoyer,Alloca
648,12477,6,8,1905,1228,4,731,840,214275,NridgHt,SLvl,Partial
649,4539,2,4,2003,1908,3,1273,328,244780,NAmes,1Story,Alloca
650,12072,7,6,1973,1710,2,1450,636,287739,SawyerW,SLvl,Partial
651,13304,3,2,1970,1670,5,885,480,250071,NWAmes,2Story,Normal
652,4416,6,2,1902,1341,2,628,569,222589,OldTown,1.5Fin,Partial
653,18831,2,9,1987,2076,3,1221,298,243544,OldTown,SFoyer,AdjLand
654,5247,3,3,1938,1743,1,1438,307,212038,SawyerW,1.5Fin,Alloca
655,3645,8,2,1997,1505,5,737,210,308493,NridgHt,1.5Fin,AdjLand
656,16301,1,9,1912,1726,3,1448,600,140344,NridgHt,1Story,Abnorml
657,15941,5,2,1947,1082,6,916,398,220348,NridgHt,SLvl,Normal
658,8516,6,1,1945,1078,5,561,424,210017,SawyerW,SLvl,Partial
659,4057,8,5,1917,2173,2,1474,579,297157,NAmes,SLvl,Partial
660,4605,9,9,1923,1057,1,848,879,283994,OldTown,SFoyer,Family
661,10233,10,1,1930,1569,2,1131,846,279572,OldTown,2Story,Alloca
662,10175,10,7,1961,2217,3,1521,575,351085,Somerst,SLvl,Family
663,11014,8,1,1946,1260,5,811,426,276896,NAmes,SFoyer,Alloca
664,5860,9,3,1901,922,1,831,585,223516,NWAmes,1Story,Normal
665,8124,8,2,1911,1101,1,758,717,218154,SawyerW,SFoyer,Alloca
666,4403,5,9,1977,1711,2,1125,838,218572,Gilbert,1Story,AdjLand
667,3924,2,9,1944,1353,2,1210,356,196864,Edwards,1.5Fin,Normal
668,15746,7,5,1936,1409,5,1076,406,285975,Gilbert,SLvl,Family
669,12791,5,3,1960,554,5,357,552,175694,SawyerW,1Story,Family
670,8917,8,3,1929,2138,1,2016,596,311842,NridgHt,1.5Fin,AdjLand
671,7017,10,2,2008,1833,2,1180,139,387316,CollgCr,SFoyer,Alloca
672,13839,6,4,1964,2660,3,2096,747,331405,Somerst,SLvl,Normal
673,3249,2,9,1933,1262,6,1099,612,210909,Somerst,1Story,Partial
674,9862,7,1,1937,1164,6,981,372,236114,SawyerW,SFoyer,Normal
675,9225,10,6,1909,1124,6,1133,791,307800,NWAmes,SFoyer,Abnorml
676,9057,3,9,2003,1487,6,1307,821,231934,Somerst,SFoyer,Alloca
677,9135,9,4,1910,1570,2,799,439,295326,NridgHt,2Story,AdjLand
678,12674,7,5,1954,605,2,552,612,195888,Somerst,SFoyer,Alloca
679,11651,3,1,1996,2453,3,1661,563,292328,NWAmes,2Story,Normal
680,10909,4,2,1929,2163,3,1858,676,252732,NWAmes,2Story,AdjLand
681,13720,8,3,1941,1101,1,527,433,213757,CollgCr,1Story,Family
682,14762,4,6,2009,1826,4,1550,511,251465,Gilbert,2Story,Alloca
683,8238,7,8,1923,1872,5,1624,652,289189,Edwards,2Story,AdjLand
684,3302,7,9,1963,1907,3,1496,590,290893,NridgHt,1Story,Normal
685,15043,5,2,1960,1736,4,1739,416,266853,NAmes,SLvl,AdjLand
686,12413,4,1,1967,1501,3,1007,506,215202,Edwards,1.5Fin,Family
687,8608,10,4,1969,1805,3,1791,226,341401,NAmes,1Story,Family
688,6742,5,1,1978,534,5,184,1004,203878,Gilbert,SFoyer,Partial
689,8463,1,8,1918,1250,4,1024,226,142945,SawyerW,SFoyer,Normal
690,18528,5,6,1944,1863,1,1358,693,268291,SawyerW,SFoyer,Normal
691,7361,8,2,2001,1794,5,832,762,339644,Edwards,SFoyer,Abnorml
692,24258,2,6,1977,970,5,683,204,194182,OldTown,SLvl,Family
693,6418,1,2,1922,1501,1,957,663,149306,SawyerW,SFoyer,Abnorml
694,10488,5,9,1900,2109,6,1191,217,268635,Edwards,1.5Fin,Normal
695,21501,6,7,1973,1647,1,1071,557,271463,NAmes,1Story,Family
696,12517,10,1,1926,1737,5,1246,684,301049,Gilbert,SFoyer,Abnorml
697,6455,5,6,1919,1214,4,209,693,205216,NAmes,1.5Fin,Abnorml
698,6548,9,4,1961,2094,5,2111,365,318505,NridgHt,1Story,Family
699,12291,9,3,1909,1770,1,1162,411,301972,SawyerW,1.5Fin,Partial
700,13879,7,4,1961,1750,4,1228,506,308193,Somerst,1.5Fin,Partial
701,9858,6,3,1902,1070,6,552,334,209706,NWAmes,2Story,AdjLand
702,-4295,3,2,1964,2568,5,2128,627,281497,Edwards,SLvl,Alloca
703,7237,7,9,1908,1319,3,581,326,268563,OldTown,SFoyer,Partial
704,15892,2,4,1972,1893,2,920,597,212559,Somerst,SFoyer,Alloca
705,15143,2,7,1929,1490,2,798,611,194497,OldTown,SLvl,Family
706,13254,4,8,1968,1804,4,1208,579,270505,NridgHt,1.5Fin,Family
707,6657,2,4,1908,984,5,753,514,175457,CollgCr,1.5Fin,Abnorml
708,14714,10,7,1967,1285,5,857,468,284980,SawyerW,2Story,Family
709,6514,9,1,1938,1521,2,841,410,274845,CollgCr,SFoyer,AdjLand
710,5801,7,5,1992,1737,6,1866,197,317828,NWAmes,1Story,AdjLand
711,10912,8,6,1964,2056,1,1179,465,317482,OldTown,SFoyer,AdjLand
712,9230,6,8,1964,1513,6,1262,337,247730,SawyerW,1Story,Partial
713,5675,5,3,1945,1579,1,830,642,273050,NridgHt,2Story,AdjLand
714,15253,6,7,1916,2548,6,1695,42,277353,Edwards,1.5Fin,Family
715,9992,1,3,1968,2144,4,1724,399,217465,SawyerW,1.5Fin,Abnorml
716,10679,5,9,1929,1180,1,964,-60,214911,Edwards,SFoyer,Normal
717,6427,7,9,2000,1358,1,1263,646,263626,NWAmes,1Story,AdjLand
718,13422,6,5,2009,2217,2,1868,613,331205,NWAmes,SLvl,Abnorml
719,10468,4,8,1934,1265,6,849,949,206681,Somerst,1Story,Partial
720,12078,10,1,1932,2466,5,1566,506,374797,NWAmes,2Story,AdjLand
721,3915,1,3,1926,1376,1,821,853,211731,CollgCr,2Story,AdjLand
722,9656,5,8,1919,821,5,777,590,177618,Edwards,SFoyer,Abnorml
723,14363,2,6,1958,1281,4,942,604,213269,CollgCr,1Story,Normal
724,9857,7,3,1928,1550,6,975,516,279607,CollgCr,SFoyer,Alloca
725,1241,6,2,1991,1199,4,990,668,238380,NridgHt,1Story,Partial
726,11288,2,2,1951,1238,1,904,476,208134,NridgHt,1.5Fin,Normal
727,10240,8,4,1976,1153,2,801,481,249099,NAmes,1Story,Normal
728,9104,3,5,1973,805,2,804,771,202655,SawyerW,SLvl,Normal
729,12821,3,4,1978,976,2,748,521,187903,CollgCr,1.5Fin,Partial
730,1984,7,9,1951,1333,5,1336,371,253284,NWAmes,1Story,Partial
731,14620,7,8,1973,1002,3,657,530,248861,OldTown,1Story,Alloca
732,2467,5,6,1968,1460,3,785,224,252358,CollgCr,1.5Fin,Abnorml
733,6340,9,1,1968,1830,3,1359,363,327928,NridgHt,2Story,Partial
734,14668,2,1,1903,2451,6,1280,387,247005,Somerst,2Story,AdjLand
735,12950,6,4,2000,1970,5,1412,402,307992,NWAmes,SFoyer,Alloca
736,5960,7,8,1902,1626,4,1116,41,264019,Gilbert,1Story,Partial
737,5820,6,4,1911,1074,2,387,569,214198,Gilbert,SLvl,Normal
738,15343,10,9,1905,1565,1,1152,638,273075,NridgHt,1Story,Family
739,16727,2,9,1999,1900,6,1837,317,295982,Somerst,SFoyer,AdjLand
740,15188,6,3,1923,1184,5,621,572,222880,NWAmes,1Story,Alloca
741,-1062,10,6,1923,1521,6,1354,313,310951,OldTown,1Story,Normal
742,15357,10,9,1948,1217,2,768,772,312274,SawyerW,2Story,AdjLand
743,3299,9,6,1932,1088,4,634,539,257534,OldTown,2Story,Partial
744,3858,8,6,1984,2082,6,1822,430,337863,Somerst,1Story,Normal
745,3666,2,8,1919,2091,5,1930,592,182591,Edwards,SLvl,Alloca
746,2747,3,2,1989,1890,5,1398,473,262423,NWAmes,SFoyer,Abnorml
747,10649,7,9,1983,1960,1,2313,662,307428,Edwards,1.5Fin,AdjLand
748,17247,2,3,1977,1258,2,853,398,229132,Somerst,1Story,AdjLand
749,14749,6,6,1971,2403,5,1517,286,297882,NAmes,1.5Fin,Normal
750,6131,3,9,1907,1463,3,1026,550,215643,NAmes,SLvl,Family
751,9787,6,5,1977,1266,5,838,560,270525,Edwards,1.5Fin,Partial
752,6800,1,4,1908,1887,3,925,633,239334,NridgHt,SLvl,Partial
753,10474,9,6,1927,2367,1,1346,266,327611,NridgHt,SLvl,AdjLand
754,8822,1,4,1973,1515,2,999,196,180113,OldTown,1.5Fin,Abnorml
755,12089,6,4,1970,507,5,486,430,213324,NridgHt,SFoyer,Family
756,11744,4,5,1961,1909,1,1332,665,261773,OldTown,1.5Fin,AdjLand
757,20139,6,2,1968,1756,5,763,392,275191,NWAmes,2Story,Abnorml
758,14388,3,9,1964,2101,2,1635,697,258536,NAmes,SLvl,Abnorml
759,13514,5,9,1953,1932,5,1292,326,271725,SawyerW,2Story,Family
760,11608,3,9,1944,1358,2,1126,285,229215,Somerst,SFoyer,Abnorml
761,17297,6,9,1968,2273,3,1107,514,304684,SawyerW,1.5Fin,Family
762,12093,10,7,1953,2033,2,1499,577,358635,NridgHt,2Story,Abnorml
763,15963,4,3,1959,1966,1,1178,428,247928,SawyerW,SFoyer,Family
764,14560,2,6,1960,1027,1,669,444,165028,NridgHt,1.5Fin,Partial
765,12540,9,5,1902,1565,3,987,279,319496,OldTown,SFoyer,Normal
766,14852,3,4,1947,1262,4,696,343,179597,OldTown,SLvl,AdjLand
767,15189,5,4,1915,1397,5,666,331,212941,CollgCr,2Story,Family
768,9065,3,9,1998,1381,6,1041,257,228890,Edwards,SFoyer,Abnorml
769,6561,9,5,1924,1617,1,1090,461,318852,NridgHt,1Story,Alloca
770,9603,8,6,1950,1423,4,939,409,256722,NridgHt,1Story,Partial
771,12468,3,7,1977,2199,2,1367,473,289111,Gilbert,1Story,Abnorml
772,6747,4,2,1971,1459,4,796,1001,237199,NAmes,2Story,AdjLand
773,11099,2,4,1915,1335,6,811,431,148479,NWAmes,SLvl,Normal
774,7942,7,5,1959,1637,5,920,793,259641,Edwards,1.5Fin,AdjLand
775,17898,1,2,1918,1011,5,582,154,115416,Gilbert,SLvl,Alloca
776,10396,4,1,1901,1641,1,1483,397,206988,Edwards,1Story,Abnorml
777,6393,6,7,2001,977,5,849,424,237970,OldTown,1Story,Family
778,5196,8,2,1969,1660,6,1185,311,288462,OldTown,1.5Fin,Family
779,14441,8,4,1961,1845,6,1393,764,312280,NWAmes,SFoyer,Normal
780,13826,7,7,1928,2016,6,1185,111,297247,NWAmes,1Story,Abnorml
781,6417,6,5,2000,500,2,357,570,191791,CollgCr,SLvl,Abnorml
782,6688,1,5,1965,2396,5,2151,771,307632,Edwards,SLvl,Normal
783,8273,2,9,1901,1370,6,790,448,172521,SawyerW,2Story,AdjLand
784,9885,3,2,1990,1300,4,798,445,216967,SawyerW,SLvl,Family
785,13781,1,9,1935,2324,6,1614,578,215891,OldTown,1Story,Partial
786,10904,6,9,1904,1236,1,773,776,229925,OldTown,2Story,Partial
787,11638,1,2,1927,1368,6,771,533,187195,SawyerW,1Story,Abnorml
788,4385,8,2,1930,2060,2,1291,584,324017,Edwards,1.5Fin,Alloca
789,3515,1,6,1908,1572,3,1147,424,135068,Edwards,SFoyer,Alloca
790,11442,10,5,1917,1465,5,1424,554,286425,Somerst,1Story,Partial
791,11205,1,8,1965,677,3,582,605,164375,NWAmes,2Story,Abnorml
792,3258,4,8,1979,1086,5,1013,485,198897,NAmes,1Story,Family
793,6369,9,8,1960,1302,1,1141,350,304406,OldTown,1.5Fin,Partial
794,18606,2,7,1902,2014,6,1655,503,237824,Edwards,SFoyer,AdjLand
795,7848,6,3,1994,500,5,283,336,220321,OldTown,1.5Fin,Family
796,7960,5,2,1965,1879,3,1179,56,265060,Gilbert,2Story,Partial
797,15369,8,1,1909,1378,5,1066,636,269134,Somerst,SLvl,AdjLand
798,2775,6,9,1957,538,1,179,483,203202,NAmes,1.5Fin,AdjLand
799,4021,2,2,2005,1728,6,921,227,227053,CollgCr,1Story,Normal
800,12221,10,4,1988,579,4,356,737,251482,OldTown,2Story,Normal
801,10136,4,8,1910,1650,6,1028,533,236966,NridgHt,SLvl,Alloca
802,3227,1,9,1949,2101,6,1439,299,288587,Gilbert,1.5Fin,Family
803,9512,2,3,1987,2299,1,938,484,256861,NridgHt,1Story,Normal
804,6084,8,5,1973,1966,5,1190,260,331263,NWAmes,1.5Fin,Partial
805,16319,5,3,1981,2239,3,1719,449,338599,SawyerW,1.5Fin,Partial
806,11946,5,8,1908,1600,4,980,770,222877,OldTown,1Story,Alloca
807,11620,6,2,1917,1667,1,1324,108,229469,Edwards,SLvl,Partial
808,7501,2,7,1910,1164,6,830,431,162666,NAmes,SLvl,Normal
809,3544,7,3,1996,1124,2,809,726,224277,OldTown,1Story,Partial
810,5094,10,9,1926,2498,3,1513,508,338209,Edwards,SLvl,Abnorml
811,8681,8,1,1950,500,5,340,365,216020,NAmes,SFoyer,Alloca
812,11489,8,1,1966,747,4,524,202,262125,NridgHt,1.5Fin,Partial
813,10844,4,8,1937,1134,5,715,729,207035,Somerst,SFoyer,Alloca
814,15582,2,6,1988,1365,4,1247,339,215301,Gilbert,SFoyer,Alloca
815,11311,6,3,1947,1608,6,908,905,249464,Gilbert,2Story,Abnorml
816,8436,6,1,1941,1539,3,1507,580,283565,Somerst,2Story,Family
817,8483,7,3,1900,2211,3,1444,480,306500,OldTown,SLvl,Alloca
818,13346,2,4,1995,970,1,267,583,198378,NAmes,SLvl,Family
819,8883,2,4,1924,1583,2,1209,495,198570,OldTown,1Story,AdjLand
820,10162,10,5,1912,1446,6,1001,403,333545,NAmes,1Story,Normal
821,-3193,9,3,1964,1387,6,743,713,296854,NAmes,SLvl,AdjLand
822,-1120,5,3,1997,1222,4,754,651,249117,NridgHt,SFoyer,Normal
823,13769,3,6,1966,1857,4,1755,459,242159,NAmes,2Story,Alloca
824,7447,8,7,1926,923,6,765,531,255390,Edwards,SFoyer,Abnorml
825,9183,9,3,1910,678,2,494,305,257774,NWAmes,1Story,Partial
826,13964,2,1,1973,1111,5,1071,462,193751,OldTown,2Story,Alloca
827,8376,10,3,1924,1857,5,1381,162,322730,Somerst,SFoyer,Normal
828,14218,5,1,1901,2077,6,1383,633,240827,CollgCr,1Story,Alloca
829,2614,10,2,1981,2422,2,1558,614,403801,OldTown,1.5Fin,Alloca
830,9212,3,7,1954,2411,1,1056,562,270038,OldTown,2Story,Normal
831,9803,5,9,1941,1377,4,1202,692,253567,NridgHt,1Story,Alloca
832,4639,3,2,1909,1667,2,998,696,202874,SawyerW,SLvl,Partial
833,11551,5,1,1977,732,1,469,741,199427,Gilbert,2Story,Normal
834,10204,7,9,1973,1414,6,601,483,256814,Edwards,2Story,Alloca
835,12901,4,1,1972,1609,1,889,762,281731,CollgCr,1.5Fin,Alloca
836,10821,2,8,2007,555,3,371,555,138432,OldTown,1Story,Normal
837,5274,1,9,1950,901,2,706,733,143349,NWAmes,SFoyer,AdjLand
838,13613,10,2,1929,2425,3,1830,698,398025,SawyerW,SFoyer,Alloca
839,10331,8,8,1931,2559,4,2000,878,327150,Gilbert,SLvl,Abnorml
840,22041,9,6,1953,1155,2,693,245,276592,NWAmes,1.5Fin,AdjLand
841,10782,10,6,1988,1836,1,938,344,377863,Gilbert,2Story,AdjLand
842,7184,6,1,2004,2772,1,1753,557,386197,SawyerW,SLvl,Normal
843,10324,8,7,1942,1964,3,1111,473,304317,Edwards,1.5Fin,AdjLand
844,14106,6,8,2007,1204,1,727,630,238528,NWAmes,SLvl,Family
845,13376,7,9,1963,2194,5,1254,714,322360,Edwards,1.5Fin,AdjLand
846,12227,6,3,1917,1396,3,624,390,256992,NAmes,2Story,Normal
847,16134,5,6,1913,1718,1,1224,350,236013,OldTown,1Story,AdjLand
848,13809,4,7,1994,978,6,525,589,221655,NWAmes,1Story,Abnorml
849,13257,8,4,1989,1491,5,835,306,311853,NAmes,1.5Fin,Family
850,15449,1,1,1962,1232,1,1020,519,173890,Somerst,2Story,Alloca
851,7841,10,8,2002,1906,5,1294,680,406610,SawyerW,SLvl,Abnorml
852,13740,1,6,1928,960,1,823,444,158408,SawyerW,1Story,Partial
853,5129,8,5,1943,1994,4,1389,131,310241,Edwards,1.5Fin,Partial
854,10825,1,7,1938,2286,3,1093,537,232956,OldTown,1.5Fin,AdjLand
855,385,2,6,1983,1561,4,1420,840,243920,SawyerW,2Story,Alloca
856,16561,9,5,1913,1402,4,1090,437,245425,NWAmes,1Story,Abnorml
857,7958,3,1,1931,926,1,672,741,143051,CollgCr,SFoyer,Family
858,696,9,9,1942,1546,6,975,199,261866,Gilbert,1Story,Abnorml
859,5773,2,6,1934,2278,4,2155,429,247003,NAmes,1.5Fin,Alloca
860,14160,10,1,1991,1620,3,890,452,325890,NAmes,1.5Fin,Abnorml
861,6632,9,8,1948,1709,6,1138,694,293505,Edwards,SLvl,Normal
862,9238,3,7,1903,1582,2,1443,568,176314,NWAmes,1.5Fin,Normal
863,16179,2,4,1988,1122,3,874,704,206696,NridgHt,SLvl,Abnorml
864,6818,5,2,1953,1283,3,713,526,181516,NAmes,2Story,AdjLand
865,5156,10,1,1963,1746,3,927,565,353374,Edwards,1.5Fin,Normal
866,13707,5,5,1950,1857,3,1205,429,286721,OldTown,SFoyer,Abnorml
867,14768,6,4,1948,1758,1,1147,792,267758,Gilbert,1.5Fin,AdjLand
868,10646,3,3,1955,1411,1,1222,420,177936,Gilbert,2Story,AdjLand
869,8183,10,3,1902,1706,6,1471,872,341893,Somerst,1Story,Normal
870,18123,5,6,1940,1758,3,1238,778,250191,NridgHt,2Story,AdjLand
871,9882,6,4,1925,2028,6,1174,561,296581,Edwards,1Story,AdjLand
872,14281,5,7,1992,2275,2,733,510,276276,SawyerW,SFoyer,Abnorml
873,18051,1,6,1967,1180,4,853,545,172541,NridgHt,1Story,Family
874,17922,6,8,2002,1463,5,1248,516,256038,OldTown,SFoyer,AdjLand
875,10791,6,8,1972,687,2,472,320,195976,Gilbert,1Story,Family
876,16689,2,7,1944,2027,3,921,196,209221,SawyerW,1Story,Alloca
877,10848,4,6,1992,1376,2,691,588,263611,Edwards,SLvl,AdjLand
878,12117,8,9,1946,689,2,300,291,244320,OldTown,2Story,Normal
879,8084,7,6,1938,1232,5,1048,169,206122,Somerst,2Story,Normal
880,13157,5,1,1967,500,4,374,531,159125,Gilbert,SFoyer,AdjLand
881,12305,4,6,2003,1081,6,665,672,282290,SawyerW,SLvl,Family
882,16023,9,5,1997,2060,3,1863,789,336992,CollgCr,SLvl,Family
883,7530,9,8,1993,1296,5,1089,504,308046,NAmes,1.5Fin,Family
884,12640,5,6,1995,1653,1,1488,587,296730,SawyerW,SLvl,AdjLand
885,9112,9,7,1901,986,2,566,416,265995,NAmes,SLvl,Abnorml
886,12410,7,3,1961,1088,1,644,499,256296,Somerst,1.5Fin,Partial
887,14686,9,3,1957,1382,6,843,355,280223,Gilbert,SLvl,AdjLand
888,17096,2,3,2008,1409,6,1079,917,236787,CollgCr,2Story,AdjLand
889,2527,7,1,1911,2201,6,2296,601,275885,SawyerW,SFoyer,AdjLand
890,4457,5,7,1972,1625,4,570,380,276155,Edwards,1Story,Partial
891,16419,4,8,1928,1360,4,966,401,196395,Edwards,SFoyer,Abnorml
892,19316,9,5,1942,1210,4,752,651,273000,Edwards,SFoyer,Family
893,12031,8,2,1999,1240,4,956,359,282535,SawyerW,SFoyer,Family
894,9961,8,5,1963,1345,6,1213,947,296515,Edwards,SFoyer,Partial
895,12984,2,9,1998,2103,4,2236,382,206941,NridgHt,2Story,Alloca
896,17986,10,2,1957,2249,4,1013,734,380876,SawyerW,1Story,Alloca
897,4960,10,1,1929,1707,5,1467,830,308961,Edwards,SLvl,Family
898,8506,10,1,1909,1352,1,1051,407,274990,CollgCr,2Story,Abnorml
899,15009,9,6,1958,1180,3,1015,241,290536,OldTown,SFoyer,Abnorml
900,9041,8,3,1914,1592,1,628,465,279427,OldTown,SFoyer,Abnorml
901,4141,10,9,1914,2276,2,1216,593,332380,NAmes,1.5Fin,Abnorml
902,8308,9,3,1921,1763,4,1463,802,296399,SawyerW,1Story,Family
903,7223,6,5,1937,1513,5,1295,388,290243,CollgCr,2Story,Alloca
904,12670,1,5,1946,1814,1,1021,754,194202,Gilbert,SLvl,Family
905,4828,2,8,1983,2317,1,1449,574,246796,CollgCr,1.5Fin,AdjLand
906,9469,7,4,1998,1754,5,950,586,328468,SawyerW,1.5Fin,Alloca
907,9230,6,1,1902,1915,2,1745,570,229724,OldTown,SLvl,Family
908,11418,2,6,1921,841,4,546,724,124544,NWAmes,SLvl,Alloca
909,457,8,1,1938,1799,3,672,560,321710,SawyerW,1Story,Abnorml
910,17751,1,7,1914,944,4,965,517,131339,CollgCr,SFoyer,Alloca
911,6930,9,2,1987,2111,1,2077,704,352064,NridgHt,2Story,AdjLand
912,24942,2,3,1917,708,3,289,186,83667,NWAmes,SLvl,AdjLand
913,11422,2,9,1947,1278,2,1142,636,156308,NridgHt,1Story,Abnorml
914,5126,7,2,1918,1308,5,708,588,269138,Gilbert,SLvl,Abnorml
915,4050,10,8,1950,1856,1,1309,680,315698,Gilbert,1Story,Normal
916,8579,10,8,1991,1174,4,1008,577,318601,NridgHt,2Story,Partial
917,15523,3,2,1933,1249,3,878,262,212329,NAmes,SLvl,Abnorml
918,11346,8,3,1950,1492,4,1000,1122,307092,OldTown,SLvl,Alloca
919,10164,10,5,1915,1694,3,984,589,304837,NWAmes,1.5Fin,Abnorml
920,16844,3,6,1978,1203,1,704,320,225821,SawyerW,1Story,Alloca
921,2088,7,6,1953,1526,6,954,557,268161,NAmes,2Story,Family
922,13557,3,5,1994,1232,6,770,754,208711,NridgHt,1.5Fin,AdjLand
923,8595,6,5,2003,1724,2,1318,690,307394,NAmes,1Story,Alloca
924,5302,10,8,1950,1491,4,784,337,277579,NridgHt,1Story,Abnorml
925,11777,9,6,1917,1720,1,1037,690,347412,Gilbert,1.5Fin,AdjLand
926,7123,7,5,1998,1215,5,1046,551,269356,CollgCr,SLvl,Normal
927,14422,7,7,1978,841,5,401,611,247789,Somerst,2Story,Abnorml
928,10123,2,7,1910,1550,1,1121,256,189741,OldTown,1Story,Alloca
929,4450,5,4,1996,1583,2,1255,735,263901,SawyerW,2Story,AdjLand
930,14349,5,9,1923,1957,4,1463,368,247717,NWAmes,SLvl,Normal
931,7204,6,2,1923,1418,5,977,645,249226,Edwards,1.5Fin,Normal
932,14878,6,4,1909,1410,3,789,505,209239,Edwards,1.5Fin,Abnorml
933,-160,7,6,1985,1106,1,488,573,278783,NWAmes,1Story,Partial
934,9039,8,3,1953,775,4,727,396,200052,CollgCr,1.5Fin,Abnorml
935,13452,5,8,1962,573,4,418,484,150369,SawyerW,SLvl,Alloca
936,5100,1,5,1951,1758,1,1113,611,198835,Somerst,SLvl,AdjLand
937,16527,8,5,1956,1852,4,1216,441,320274,Somerst,1Story,Partial
938,11764,8,6,1912,1720,1,1272,601,256401,NWAmes,SFoyer,Family
939,11976,2,8,1934,1927,4,1474,305,211550,OldTown,1Story,Abnorml
940,14441,7,6,1933,1268,3,932,410,229097,NridgHt,2Story,Alloca
941,10994,8,6,1921,1033,6,822,358,230858,NWAmes,1.5Fin,Partial
942,7592,9,3,1972,1057,2,813,815,303865,Edwards,SLvl,AdjLand
943,13887,10,3,1917,2106,4,1416,451,336858,NridgHt,1.5Fin,Alloca
944,9582,2,1,1949,890,5,643,249,174603,SawyerW,1.5Fin,Normal
945,15808,6,4,2006,1096,4,689,549,246455,NridgHt,1.5Fin,Alloca
946,10608,7,7,1900,1722,4,1233,614,238994,Somerst,1Story,Normal
947,11292,1,8,1996,1921,2,973,543,227595,Edwards,SFoyer,Normal
948,9146,5,2,1955,1079,3,863,856,224113,NWAmes,2Story,Normal
949,12668,10,1,2008,500,1,314,489,265788,NWAmes,SFoyer,Alloca
950,8794,3,2,2006,1402,4,991,592,250561,OldTown,SLvl,AdjLand
951,17838,9,7,1942,2076,1,1722,874,298893,CollgCr,SLvl,Normal
952,9093,6,3,2010,1377,4,765,404,248164,NWAmes,1Story,AdjLand
953,7264,2,3,1993,1856,1,1417,427,242093,Edwards,SFoyer,Normal
954,10464,4,2,1917,973,3,754,425,168818,SawyerW,SFoyer,Normal
955,11720,7,9,1931,1454,6,924,216,253835,NridgHt,SFoyer,Normal
956,7321,3,5,1969,1279,4,938,268,207297,Somerst,1.5Fin,AdjLand
957,13376,4,4,1936,885,5,509,929,162149,Edwards,1.5Fin,Family
958,3115,6,5,1920,1804,5,1412,28,251168,Edwards,1.5Fin,Alloca
959,7688,7,4,1908,1960,5,988,873,227300,CollgCr,SLvl,AdjLand
960,11975,5,4,1919,1749,3,971,115,253672,NWAmes,1Story,Partial
961,6374,9,9,1904,1230,6,727,348,230612,Gilbert,2Story,Abnorml
962,9611,6,6,1957,1218,4,880,529,217360,Edwards,1Story,Normal
963,8589,9,3,1972,1470,3,1207,325,322166,NridgHt,SLvl,AdjLand
964,5792,6,4,1959,1103,3,629,687,238504,SawyerW,SFoyer,Alloca
965,4170,4,7,1958,2855,1,1500,393,305720,Edwards,2Story,Partial
966,1734,5,5,1976,757,5,494,647,210521,Edwards,1.5Fin,Partial
967,9789,9,3,1994,985,3,816,842,263270,NridgHt,SLvl,Abnorml
968,10521,3,7,1977,1985,1,1639,517,237913,SawyerW,SLvl,Abnorml
969,13413,9,8,1927,1541,5,1149,428,284968,NridgHt,SFoyer,Normal
970,3852,4,9,1944,1182,3,838,591,222500,Edwards,1Story,Family
971,24279,1,7,1978,1837,4,1056,614,215042,NridgHt,1.5Fin,Partial
972,7338,7,6,1951,1586,3,1076,153,297153,Gilbert,2Story,Abnorml
973,14854,1,4,1916,831,1,493,472,127999,Gilbert,1Story,Abnorml
974,12626,3,3,1984,2172,2,996,297,275805,OldTown,1.5Fin,Family
975,8159,8,6,1903,1057,4,730,618,224418,OldTown,1.5Fin,Abnorml
976,1930,4,3,2008,1617,6,978,946,269827,SawyerW,SFoyer,AdjLand
977,16237,7,6,1912,1845,1,1338,657,294254,OldTown,SFoyer,Abnorml
978,3984,5,5,1931,525,4,367,487,162715,Somerst,1.5Fin,Abnorml
979,11270,1,8,1942,1268,1,743,428,187756,Gilbert,1.5Fin,AdjLand
980,6042,4,7,1909,1870,5,1607,540,248697,NAmes,1.5Fin,Family
981,-4275,10,2,1969,1197,6,583,766,280621,Somerst,1.5Fin,Alloca
982,18042,7,2,1915,1307,5,591,185,220559,Somerst,SFoyer,Abnorml
983,1342,10,8,1914,1297,3,1092,350,282124,Gilbert,SLvl,Alloca
984,17907,7,4,1964,1569,5,1157,641,317584,NridgHt,2Story,Partial
985,9789,9,9,1998,2536,2,1437,608,361254,OldTown,2Story,Family
986,11651,1,6,1968,1079,3,528,98,138193,Somerst,SLvl,Family
987,7040,10,6,1936,1999,4,1326,509,328602,NridgHt,1Story,Normal
988,9824,10,9,1943,767,3,498,494,257743,Somerst,SLvl,Normal
989,6270,4,7,1960,1713,1,1307,476,268203,NWAmes,SLvl,Partial
990,13292,6,4,1975,1737,2,1097,560,237440,Gilbert,SFoyer,Alloca
991,10970,6,7,1943,1213,3,792,902,251692,CollgCr,SLvl,AdjLand
992,3441,5,6,1900,2356,1,1534,343,271470,Somerst,SLvl,AdjLand
993,4980,9,6,1986,2277,1,1472,352,359717,Edwards,SLvl,AdjLand
994,9731,6,4,2009,1696,1,1202,752,297757,OldTown,SLvl,AdjLand
995,10773,1,4,1960,1459,4,770,539,218661,NWAmes,1.5Fin,Normal
996,10091,9,4,1952,1342,5,855,428,275547,Edwards,1.5Fin,Partial
997,8431,1,7,2001,1660,3,827,468,202346,OldTown,SLvl,AdjLand
998,6648,6,6,1993,2104,4,1729,527,319856,NridgHt,1.5Fin,Abnorml
999,8995,9,2,1909,1211,3,817,664,228400,NWAmes,SLvl,Alloca
1000,1235,10,7,1901,1326,3,820,262,276660,CollgCr,2Story,Family
1001,10541,4,3,1911,1617,1,1032,475,213798,Somerst,SLvl,Normal
1002,2515,7,5,1986,2090,4,1013,517,312602,NridgHt,2Story,Partial
1003,2599,1,8,1915,1519,3,728,755,136085,Edwards,SFoyer,Partial
1004,7134,2,4,1927,1809,2,1560,419,194224,CollgCr,2Story,Partial
1005,8943,6,7,1951,1218,5,796,139,260669,NAmes,1.5Fin,Partial
1006,3709,1,7,1975,1710,3,930,407,185870,CollgCr,1.5Fin,AdjLand
1007,6208,9,9,1909,864,6,454,525,245462,Somerst,1.5Fin,AdjLand
1008,7927,4,9,1938,1149,2,1041,610,192528,Somerst,SFoyer,Alloca
1009,9736,10,2,1913,2380,1,1729,161,371241,SawyerW,SFoyer,Normal
1010,12556,10,2,1977,1634,3,1098,588,312293,NWAmes,1.5Fin,Partial
1011,3717,3,9,1982,1255,2,792,654,202178,Gilbert,2Story,Partial
1012,14366,7,3,1903,672,4,517,358,193975,Somerst,SFoyer,AdjLand
1013,7097,6,1,1905,2042,5,1422,550,242304,SawyerW,SLvl,Family
1014,10753,1,3,1939,717,2,668,363,114793,NridgHt,1.5Fin,Partial
1015,7359,8,3,1901,1249,3,1152,297,227797,NridgHt,SFoyer,Partial
1016,2667,7,9,1971,1899,3,1357,677,292828,Somerst,SLvl,Partial
1017,8130,3,4,1932,1531,5,958,365,212997,NWAmes,SFoyer,Alloca
1018,10231,9,3,1946,964,2,807,317,288794,OldTown,2Story,AdjLand
1019,6760,10,2,1923,1559,1,649,528,308175,NAmes,SLvl,Abnorml
1020,9474,7,9,1957,2068,1,1643,618,299912,Gilbert,1.5Fin,AdjLand
1021,10675,9,3,2005,1066,2,791,911,321962,CollgCr,SLvl,Normal
1022,7150,6,6,1930,1304,3,1022,604,206609,Gilbert,2Story,Alloca
1023,13874,10,2,1998,1375,4,722,568,309701,Somerst,2Story,Partial
1024,7688,9,2,1936,1151,6,617,253,291226,Edwards,1Story,Family
1025,11492,5,7,1980,1473,4,1075,292,267289,NAmes,1.5Fin,Normal
1026,11401,6,7,1976,2005,5,1539,679,280757,NWAmes,1.5Fin,Abnorml
1027,13581,2,2,1943,1874,4,1740,727,171814,NWAmes,2Story,AdjLand
1028,7423,10,7,1983,500,3,384,575,301189,Edwards,1Story,Alloca
1029,9631,7,8,1932,1991,6,738,805,268599,Edwards,2Story,Family
1030,11137,3,8,1960,2369,5,2075,596,266553,SawyerW,1.5Fin,Partial
1031,11362,2,7,1942,1350,6,1012,770,217210,NWAmes,1.5Fin,AdjLand
1032,3918,9,9,1942,2545,4,946,233,365275,NWAmes,1Story,Normal
1033,9175,8,7,1937,1314,4,803,290,239967,Edwards,2Story,Normal
1034,6411,10,9,1948,1599,3,1325,502,327297,NAmes,1.5Fin,AdjLand
1035,10337,10,7,1958,2119,3,1301,384,392621,Somerst,1.5Fin,Normal
1036,12102,6,2,1913,919,5,478,368,212079,CollgCr,1Story,Partial
1037,1195,9,4,1957,1467,1,929,435,284721,NridgHt,2Story,Partial
1038,13863,5,6,1934,1867,1,1206,421,281206,OldTown,SLvl,Alloca
1039,3728,8,6,1978,1846,6,1556,537,338267,NAmes,1Story,Partial
1040,18950,6,6,1975,2090,4,1471,700,315242,CollgCr,SFoyer,AdjLand
1041,3962,4,1,1931,500,2,250,677,170579,Somerst,1.5Fin,AdjLand
1042,7953,10,8,1949,1360,6,1190,291,272465,Gilbert,2Story,Normal
1043,10713,9,3,1936,1699,5,1373,578,302706,SawyerW,1.5Fin,Partial
1044,19371,4,7,1913,1910,4,939,631,193127,SawyerW,1.5Fin,Abnorml
1045,17126,9,8,1900,1434,1,1079,120,246772,NridgHt,SLvl,Partial
1046,5077,9,7,1907,1674,6,1146,653,304381,CollgCr,SFoyer,Partial
1047,10066,4,8,1983,1727,4,1298,454,261154,Edwards,1.5Fin,AdjLand
1048,15101,10,7,1977,1428,6,1405,673,322250,OldTown,2Story,AdjLand
1049,12150,4,9,2000,2324,3,1986,654,282082,CollgCr,SLvl,Family
1050,14496,10,5,1959,2108,4,1595,552,382412,Edwards,1.5Fin,Abnorml
1051,15810,10,7,1996,930,2,783,757,303324,CollgCr,2Story,Partial
1052,6051,1,3,1920,1958,4,1730,464,202380,Edwards,2Story,Abnorml
1053,13082,7,4,1918,874,2,545,404,208545,Somerst,SLvl,Alloca
1054,9934,4,2,1976,1060,1,924,1123,205597,CollgCr,1Story,Abnorml
1055,10017,4,3,1973,500,6,420,459,145149,CollgCr,1.5Fin,Abnorml
1056,8353,9,9,1923,523,4,460,919,219665,SawyerW,1.5Fin,AdjLand
1057,12082,3,4,1994,554,4,487,725,181149,NridgHt,SLvl,Family
1058,18453,4,8,1982,1145,4,830,373,227202,Edwards,2Story,Normal
1059,4908,4,7,1986,2086,3,1447,835,264279,NWAmes,1.5Fin,Family
1060,8308,10,8,1908,1175,6,930,271,280717,SawyerW,2Story,Partial
1061,12938,8,9,1939,1864,5,1187,497,287473,OldTown,SLvl,Family
1062,10434,8,2,1910,1843,3,1319,377,283202,CollgCr,2Story,Abnorml
1063,8043,4,3,2003,1820,3,1392,537,267531,OldTown,SFoyer,Partial
1064,5438,3,8,1966,1314,4,654,469,212808,Somerst,SLvl,Alloca
1065,7132,7,3,1981,1649,6,1375,650,304299,SawyerW,1.5Fin,Abnorml
1066,4246,1,9,1914,1804,6,1182,523,146117,OldTown,SLvl,Abnorml
1067,10501,1,1,1990,1929,1,2012,339,225048,NAmes,1Story,Normal
1068,11321,9,7,1905,790,2,676,682,206701,CollgCr,2Story,Family
1069,13012,4,8,1995,559,5,448,629,181577,NAmes,SLvl,AdjLand
1070,13438,2,7,1957,1639,4,1188,894,204130,NAmes,2Story,Alloca
1071,3368,3,9,2008,1357,2,1076,478,231108,Somerst,SFoyer,AdjLand
1072,12607,9,6,1931,959,2,791,393,254940,NridgHt,1Story,Family
1073,15651,1,9,2001,1714,1,1814,430,213600,OldTown,SFoyer,AdjLand
1074,12549,4,6,1997,1631,4,1119,360,248488,CollgCr,2Story,Family
1075,8944,5,6,1970,1441,6,1293,394,233445,NWAmes,SFoyer,Family
1076,13193,4,1,1984,993,2,698,662,198666,Somerst,1Story,Abnorml
1077,13267,3,9,1934,1695,2,962,735,196802,OldTown,SLvl,Alloca
1078,13296,9,3,1932,965,3,732,672,255837,SawyerW,1Story,Family
1079,11997,6,5,1959,2553,2,2025,183,313520,NAmes,1Story,Family
1080,15208,9,3,1942,1511,2,863,468,293064,Gilbert,SFoyer,Normal
1081,8647,4,2,1916,1263,5,928,285,206623,NridgHt,SFoyer,Abnorml
1082,9993,6,2,1943,1442,4,873,607,249465,CollgCr,2Story,Family
1083,2558,3,4,1973,1581,2,1018,144,253740,NridgHt,SLvl,Alloca
1084,6067,5,6,1927,1040,5,777,776,201610,Gilbert,1Story,Normal
1085,15720,3,2,2005,2116,3,2319,754,288605,SawyerW,2Story,Partial
1086,13819,4,2,1971,927,3,738,432,225946,Somerst,1.5Fin,Abnorml
1087,10791,10,1,1925,1106,4,868,232,314682,CollgCr,1Story,Normal
1088,10119,1,4,1947,1645,1,1051,519,195684,OldTown,1.5Fin,Normal
1089,16013,4,1,1922,1601,5,1091,730,189125,Gilbert,2Story,Abnorml
1090,12415,9,9,1968,1720,5,892,237,359868,Somerst,1.5Fin,AdjLand
1091,4139,9,8,1967,1874,5,990,425,324532,OldTown,2Story,Family
1092,8389,2,7,1971,1711,6,1435,617,214507,CollgCr,SFoyer,Alloca
1093,8552,7,3,1995,2358,5,2297,567,353656,Edwards,1.5Fin,AdjLand
1094,12095,1,5,1932,1032,1,920,548,175121,CollgCr,2Story,Normal
1095,9913,1,3,1931,553,6,410,238,135425,OldTown,1Story,Partial
1096,14603,5,3,1951,1440,1,720,498,251994,Somerst,1.5Fin,Abnorml
1097,12040,10,2,1951,1387,4,1234,436,316529,Somerst,2Story,Abnorml
1098,14030,4,5,1934,1932,6,1624,444,268359,Edwards,SFoyer,Abnorml
1099,4953,3,9,1951,2495,6,2096,331,307847,SawyerW,SLvl,Normal
1100,14614,4,2,1968,1678,5,1042,713,281491,Gilbert,SFoyer,Normal
1101,10299,2,1,1934,2058,4,1951,565,187272,OldTown,1Story,Family
1102,9369,7,9,1950,2045,5,1271,469,276691,CollgCr,SFoyer,Abnorml
1103,19898,1,6,2010,1192,4,1022,137,192034,Edwards,2Story,Abnorml
1104,8310,4,3,1932,2345,1,1987,335,281591,NridgHt,1.5Fin,Alloca
1105,11261,2,1,1956,500,4,246,103,133869,NAmes,SLvl,Partial
1106,2769,6,5,1916,1503,5,1152,496,273120,SawyerW,2Story,Alloca
1107,10648,1,9,1909,635,3,541,209,100423,NWAmes,1Story,Abnorml
1108,14646,3,1,1967,1569,2,1170,492,222865,SawyerW,1.5Fin,Family
1109,5382,9,1,1943,1321,5,1031,535,276952,OldTown,SFoyer,Family
1110,16178,6,4,1931,1142,6,795,533,236274,SawyerW,2Story,Abnorml
1111,13454,9,3,1981,1592,6,961,573,333832,Gilbert,SFoyer,Abnorml
1112,7520,3,6,1906,1972,3,1682,536,231318,NWAmes,2Story,Alloca
1113,11940,5,7,1969,1105,2,864,538,205355,Gilbert,1Story,Alloca
1114,2329,3,4,1911,1427,3,977,171,186704,NWAmes,1.5Fin,Abnorml
1115,5518,5,1,1920,1331,2,910,580,202489,Edwards,1Story,AdjLand
1116,14208,4,3,1928,1279,4,1191,848,208280,Somerst,SFoyer,Normal
1117,5401,7,5,1928,1318,5,987,739,285431,Edwards,SFoyer,Partial
1118,21844,3,5,1931,658,2,454,362,168336,NWAmes,SLvl,Partial
1119,7224,4,9,1969,2130,5,1637,404,275125,NridgHt,1.5Fin,Partial
1120,4090,8,7,1988,1849,4,1319,275,303052,Somerst,1.5Fin,Family
1121,10794,9,4,1949,1123,1,873,202,274631,Somerst,1.5Fin,Abnorml
1122,8404,2,7,1974,2353,3,1725,106,272663,Edwards,SFoyer,AdjLand
1123,24324,9,9,1929,1079,5,932,510,273032,CollgCr,2Story,Abnorml
1124,15240,1,7,1991,1818,2,1138,-67,193158,Somerst,1Story,Alloca
1125,20497,9,3,1985,1326,3,744,301,315798,NridgHt,1Story,Partial
1126,7569,5,4,1906,1420,5,663,962,220361,Somerst,1.5Fin,Family
1127,14612,7,8,1995,895,2,769,282,266072,Somerst,2Story,Family
1128,6640,2,4,1915,500,6,336,484,121589,OldTown,1Story,Alloca
1129,7147,6,4,2005,2037,3,1250,819,316905,NWAmes,SLvl,AdjLand
1130,9169,10,6,1921,2488,5,1840,28,373590,SawyerW,1Story,AdjLand
1131,11353,4,3,1922,1811,6,1652,665,192564,Somerst,2Story,Abnorml
1132,18769,4,2,2008,1210,6,806,616,242014,NWAmes,2Story,Family
1133,12578,7,9,1919,1342,5,815,613,263736,CollgCr,SFoyer,Alloca
1134,3562,3,3,1987,1511,5,1579,324,205177,SawyerW,2Story,Family
1135,6107,6,2,1994,1743,5,1335,778,298181,SawyerW,2Story,Partial
1136,15214,9,1,1982,1787,5,1296,535,344749,NWAmes,1.5Fin,Alloca
1137,20001,4,6,1924,1991,2,905,245,232237,OldTown,1Story,Normal
1138,3692,4,6,1940,1490,5,1209,695,211319,Somerst,SFoyer,AdjLand
1139,15345,5,4,1900,879,1,566,795,158561,Edwards,2Story,Alloca
1140,4316,10,7,1948,1686,4,1115,443,345176,Gilbert,1.5Fin,AdjLand
1141,9208,6,4,1977,1758,4,1189,503,257886,Edwards,2Story,Abnorml
1142,9451,8,8,1983,771,1,576,416,274276,OldTown,SLvl,Abnorml
1143,12003,4,4,1968,1471,4,1115,324,218296,Edwards,SLvl,AdjLand
1144,11410,5,8,2003,612,5,415,657,202932,SawyerW,2Story,AdjLand
1145,12823,1,1,1981,2717,1,1983,707,300370,Somerst,1.5Fin,AdjLand
1146,14327,8,2,1931,825,6,414,201,259974,Somerst,SLvl,Family
1147,-1664,1,3,1927,833,5,637,376,103416,NridgHt,SLvl,Alloca
1148,13393,8,6,2001,1674,6,1034,452,310212,Somerst,SFoyer,Alloca
1149,2771,10,2,1931,1485,1,1285,523,342838,Gilbert,2Story,Alloca
1150,9688,3,5,1973,1627,3,1148,296,228971,NAmes,1Story,Abnorml
1151,15366,4,8,1988,847,5,647,605,188029,Somerst,2Story,Partial
1152,15019,3,6,1946,701,6,488,33,172171,Somerst,2Story,AdjLand
1153,13735,1,7,1999,1335,4,801,534,218295,Gilbert,2Story,Abnorml
1154,18877,3,3,1942,978,3,661,222,192347,CollgCr,1.5Fin,Alloca
1155,8917,2,1,1958,1785,5,1343,404,193808,OldTown,2Story,AdjLand
1156,7704,2,8,1993,1286,2,986,313,220396,OldTown,1.5Fin,Family
1157,10501,9,4,1924,1041,3,912,551,270548,NridgHt,SLvl,Family
1158,15814,10,2,1983,1739,2,1314,298,330168,SawyerW,1.5Fin,Abnorml
1159,13152,7,7,1967,980,1,572,504,266586,Somerst,SFoyer,Alloca
1160,14889,5,2,1990,500,2,385,299,217991,NridgHt,SFoyer,Abnorml
1161,7999,2,4,1964,1328,6,1274,199,206654,Gilbert,1Story,Partial
1162,11546,8,3,1976,1333,2,1259,318,265837,Somerst,1Story,Alloca
1163,9329,7,4,1969,1847,2,1490,390,291368,Somerst,SLvl,Alloca
1164,14807,2,1,1939,1074,1,872,611,175894,NWAmes,1Story,Family
1165,7659,5,5,2006,2071,1,1795,556,264834,CollgCr,2Story,AdjLand
1166,5667,1,7,1989,1287,3,743,831,175145,NWAmes,1.5Fin,AdjLand
1167,8431,3,2,1952,910,1,701,727,177763,NAmes,2Story,Family
1168,11103,9,9,1917,1068,2,767,1006,310620,Somerst,1.5Fin,Normal
1169,11804,1,1,1901,1652,4,820,884,147859,NAmes,SLvl,AdjLand
1170,16402,9,2,1905,2308,5,1369,785,325201,Gilbert,2Story,Partial
1171,3318,8,4,1971,1709,6,1194,215,310553,CollgCr,1Story,Normal
1172,7276,2,2,2006,1814,5,1259,439,216926,Edwards,1.5Fin,Alloca
1173,10657,4,9,1933,2345,5,2003,468,253907,Gilbert,SLvl,Alloca
1174,10669,1,8,1957,1954,6,1180,509,237247,NWAmes,1.5Fin,Normal
1175,2599,5,5,1976,2329,4,1980,675,301409,SawyerW,2Story,AdjLand
1176,12687,10,5,1908,1052,4,593,603,247838,CollgCr,SLvl,Alloca
1177,5348,7,8,1915,1370,5,644,389,290198,NridgHt,2Story,Family
1178,5452,1,8,1976,972,2,731,429,188456,CollgCr,1.5Fin,Alloca
1179,3323,6,9,1951,1192,2,774,429,263254,NridgHt,1Story,Alloca
1180,4515,3,9,1932,1174,1,834,410,158054,CollgCr,SFoyer,Alloca
1181,27632,6,4,1929,1751,3,1010,469,270308,OldTown,SFoyer,Abnorml
1182,9200,6,4,1913,1105,6,771,458,231507,SawyerW,2Story,Partial
1183,10343,8,7,1959,2154,2,1555,911,333049,OldTown,SLvl,Family
1184,6872,10,3,1946,2956,1,2666,481,396291,NridgHt,1Story,Abnorml
1185,16445,9,9,2002,1919,2,1468,817,355986,CollgCr,2Story,Abnorml
1186,4802,4,3,1991,1187,1,1266,358,240898,CollgCr,SFoyer,Normal
1187,12834,2,6,1958,1645,4,1123,-50,186803,Edwards,SLvl,Partial
1188,9979,5,6,2010,1548,6,1496,666,283562,CollgCr,1Story,Alloca
1189,12861,10,4,1926,1364,1,1078,684,297314,CollgCr,2Story,Family
1190,1710,5,3,1942,1690,1,1148,803,254763,Gilbert,1Story,Abnorml
1191,8577,2,4,1968,1751,3,784,899,190289,NridgHt,SLvl,AdjLand
1192,13736,2,9,1953,1447,3,974,603,162293,Gilbert,1Story,Partial
1193,1897,4,8,1980,1574,3,1454,323,221112,CollgCr,1.5Fin,AdjLand
1194,11068,9,9,1999,1459,5,719,428,337819,NAmes,1Story,Abnorml
1195,14719,9,6,1927,1960,2,1496,408,329191,SawyerW,1.5Fin,AdjLand
1196,12884,1,6,1920,1472,3,1149,857,149582,NWAmes,SFoyer,Normal
1197,14552,7,8,1974,1223,6,1294,551,278604,OldTown,2Story,Abnorml
1198,5485,8,1,1954,1440,3,802,353,303972,NridgHt,SLvl,AdjLand
1199,-2032,9,3,1918,1914,2,1053,128,331128,NAmes,1.5Fin,AdjLand
1200,7340,2,7,1924,2041,4,1104,831,199270,OldTown,1Story,AdjLand
1201,9544,3,7,1959,500,1,359,550,171284,Edwards,1Story,Family
1202,12859,9,5,1919,1117,4,815,568,252067,OldTown,1Story,AdjLand
1203,1656,1,6,1984,1863,4,1266,100,244733,NWAmes,1.5Fin,Normal
1204,12091,7,8,1991,1473,2,1475,-60,266600,CollgCr,2Story,Normal
1205,10974,4,2,1969,1709,3,1280,833,240523,OldTown,SFoyer,Abnorml
1206,9454,3,8,1999,1048,3,989,667,178936,NridgHt,1.5Fin,AdjLand
1207,17905,9,9,1921,2054,1,1642,179,336030,Gilbert,SLvl,Alloca
1208,10823,1,7,1992,587,2,509,437,164787,NridgHt,2Story,Family
1209,7420,6,6,1902,1780,4,1140,734,206236,NAmes,SLvl,AdjLand
1210,10170,9,4,1959,500,1,287,351,219387,Edwards,1.5Fin,Alloca
1211,11150,5,7,1982,2442,3,1871,462,351844,OldTown,SLvl,Abnorml
1212,15233,9,6,1960,1855,4,1236,574,350009,Edwards,1Story,Alloca
1213,26741,2,3,1968,1054,3,727,816,165751,NWAmes,1.5Fin,Normal
1214,16447,6,8,1951,1559,1,1154,270,237463,Somerst,SLvl,Partial
1215,6819,7,1,1996,1219,6,943,468,261917,Somerst,1.5Fin,AdjLand
1216,14947,7,5,1975,887,1,753,781,205506,CollgCr,SLvl,AdjLand
1217,9356,4,2,1937,2371,1,1233,615,280414,Edwards,2Story,Alloca
1218,3072,2,6,1920,1527,4,1184,505,209648,CollgCr,1Story,Alloca
1219,5610,1,5,1959,1539,2,1044,562,201578,CollgCr,SLvl,AdjLand
1220,8390,4,7,1944,1015,6,460,586,206896,Edwards,2Story,Family
1221,8043,10,4,1931,1820,5,1331,449,301959,CollgCr,1Story,Abnorml
1222,18035,1,1,1976,500,2,365,526,131222,CollgCr,1Story,AdjLand
1223,16082,1,6,1924,1812,6,1518,548,179743,Edwards,SLvl,Partial
1224,18408,8,3,1984,1283,6,938,362,256914,Gilbert,SLvl,AdjLand
1225,8200,7,2,1938,899,2,833,328,254082,NWAmes,SFoyer,Abnorml
1226,-4126,2,8,1958,1588,1,1221,418,175066,OldTown,2Story,Alloca
1227,3345,2,5,1998,1955,2,1450,543,233480,SawyerW,SLvl,Abnorml
1228,10422,10,5,1992,1474,4,1323,416,338660,NWAmes,SLvl,Abnorml
1229,319,4,1,1974,1197,3,647,394,218551,NWAmes,1Story,Abnorml
1230,6496,4,8,1924,1323,5,762,614,195609,Somerst,1Story,Partial
1231,5707,6,9,1913,2043,1,1230,334,258662,Edwards,SFoyer,Family
1232,11443,1,5,1923,1584,4,1432,436,154605,NAmes,SLvl,Abnorml
1233,8932,1,7,1942,2145,2,1258,735,194432,Somerst,2Story,Abnorml
1234,4546,3,5,1992,1611,4,1474,211,271346,NridgHt,2Story,Abnorml
1235,12081,7,4,1904,549,6,323,549,209373,Somerst,1Story,Abnorml
1236,8927,10,7,1967,1408,4,1036,880,323044,NAmes,SFoyer,AdjLand
1237,8507,7,5,1982,842,4,740,476,268864,SawyerW,1Story,Partial
1238,11394,3,8,1939,1984,2,1063,538,249862,CollgCr,1.5Fin,AdjLand
1239,6080,4,9,1937,1001,2,579,387,226301,NAmes,SLvl,Family
1240,8530,5,5,1973,793,5,368,706,190810,Edwards,SFoyer,Normal
1241,8183,5,8,1978,850,2,677,321,209353,NWAmes,1.5Fin,Normal
1242,14041,3,8,1913,1013,2,745,793,118031,OldTown,SLvl,Partial
1243,7258,8,3,1915,1602,6,935,460,281712,SawyerW,2Story,Normal
1244,9495,4,2,1909,2958,2,2163,616,279667,NWAmes,2Story,Alloca
1245,10932,6,2,2001,1805,3,1809,356,294137,Edwards,1Story,Family
1246,9859,7,7,1992,1133,5,766,425,248585,NWAmes,1Story,Alloca
1247,13810,10,1,2002,1560,6,941,73,349294,OldTown,1Story,Partial
1248,6108,1,4,1996,1391,6,915,296,216883,OldTown,SFoyer,AdjLand
1249,18274,10,9,1914,1801,5,664,667,330260,NAmes,SFoyer,Family
1250,3968,6,7,2004,1343,4,1069,660,258303,NridgHt,2Story,Alloca
1251,8474,10,8,1906,1183,6,751,65,260732,SawyerW,1Story,Alloca
1252,5376,4,3,1929,1755,4,794,369,223428,Somerst,2Story,Alloca
1253,2910,7,1,1941,1574,2,1099,523,288001,NridgHt,2Story,AdjLand
1254,260,2,8,1907,1155,2,1052,708,159734,NridgHt,1Story,Partial
1255,9459,7,4,1980,526,5,494,531,211113,OldTown,1Story,Normal
1256,12923,3,8,1981,1929,6,1179,277,300251,OldTown,1Story,AdjLand
1257,18336,10,5,1907,936,6,590,459,275438,CollgCr,2Story,AdjLand
1258,8669,3,1,1941,1025,1,840,283,187227,NAmes,1Story,AdjLand
1259,11858,5,4,1974,1988,4,1194,299,265366,CollgCr,1Story,Normal
1260,6595,7,6,1970,500,4,338,599,221009,NWAmes,2Story,Partial
1261,16501,7,5,1941,860,5,516,408,233862,NridgHt,2Story,Normal
1262,6915,8,7,1986,500,6,343,360,258201,SawyerW,2Story,Family
1263,9330,4,8,1905,1573,3,684,633,192365,Gilbert,1Story,Normal
1264,12267,8,4,1923,1981,6,1247,443,325281,CollgCr,1Story,Partial
1265,11736,6,8,1901,1143,5,710,777,197693,NridgHt,1.5Fin,Normal
1266,9631,8,4,1967,1511,2,1093,182,286732,Gilbert,1.5Fin,Abnorml
1267,12764,1,5,2006,787,1,544,695,150830,Edwards,1.5Fin,Alloca
1268,3232,4,8,2008,1093,5,788,487,221513,Edwards,2Story,Alloca
1269,7857,6,2,2002,1785,4,1027,-38,271504,Somerst,SLvl,AdjLand
1270,12537,8,7,1991,1435,2,1048,371,335259,Edwards,2Story,Alloca
1271,7011,1,3,1908,981,1,1004,470,133295,OldTown,1.5Fin,AdjLand
1272,10543,3,5,2005,1216,3,1154,933,211216,Gilbert,SFoyer,Abnorml
1273,7395,8,3,1940,2694,2,1621,363,357251,SawyerW,1Story,Family
1274,12589,4,7,1910,1878,4,1420,260,215238,OldTown,1.5Fin,Partial
1275,19695,4,8,1903,1279,4,993,421,207420,OldTown,1Story,Family
1276,4137,5,6,1981,1384,1,711,378,267751,NAmes,2Story,AdjLand
1277,4939,2,5,1978,1343,1,899,340,227629,Edwards,SLvl,AdjLand
1278,8251,8,7,1993,873,2,478,247,278708,Somerst,1.5Fin,Alloca
1279,9718,3,8,1976,1373,2,748,396,211844,Edwards,2Story,Partial
1280,9987,5,1,1931,1596,3,1091,164,253023,OldTown,1.5Fin,AdjLand
1281,5180,8,9,1919,1272,5,544,778,264379,NAmes,1Story,Normal
1282,2515,10,3,1952,2655,1,2511,628,412360,NWAmes,1.5Fin,Partial
1283,14137,6,3,1979,1885,5,1223,661,273291,NAmes,2Story,Partial
1284,15114,6,9,1955,1478,5,1220,598,259738,NridgHt,2Story,Family
1285,11845,5,1,1905,1857,2,1695,417,252482,CollgCr,1.5Fin,Abnorml
1286,8161,6,8,1906,2189,5,751,726,256376,Edwards,1.5Fin,Partial
1287,10550,6,3,1976,1296,4,1148,662,239395,Somerst,SFoyer,Alloca
1288,13324,8,9,1923,1700,4,916,451,264751,OldTown,1.5Fin,Alloca
1289,13486,3,5,1919,1765,3,1580,388,192127,CollgCr,1Story,Abnorml
1290,11438,8,6,1937,1603,6,1263,358,280784,Edwards,SFoyer,AdjLand
1291,3674,3,2,1971,1780,4,1278,199,246197,CollgCr,1.5Fin,Normal
1292,3630,1,3,1963,1062,1,748,513,205661,Gilbert,SFoyer,Partial
1293,5443,7,9,1913,770,1,543,560,196259,Edwards,1Story,Partial
1294,4188,4,7,1971,718,5,405,400,207447,Edwards,SFoyer,Partial
1295,14559,2,2,2009,2443,5,1771,811,256079,Gilbert,2Story,Normal
1296,3231,9,5,1935,2036,3,1236,334,352663,Somerst,SFoyer,Normal
1297,-545,7,5,1950,1285,3,684,736,299348,CollgCr,1Story,Alloca
1298,7088,1,9,1907,2188,3,1341,324,210321,NAmes,2Story,Family
1299,5678,9,8,1903,984,4,607,418,236078,Gilbert,2Story,Alloca
1300,15230,5,2,1925,1047,3,713,311,234143,NridgHt,SFoyer,AdjLand
1301,6283,2,6,1973,1392,4,1019,527,164290,Somerst,1.5Fin,Abnorml
1302,10209,8,4,1909,1661,4,827,564,308181,NridgHt,1Story,AdjLand
1303,11095,6,1,1901,1046,4,897,379,213524,NAmes,1Story,Normal
1304,7195,2,6,1904,1919,6,1581,489,185523,NAmes,2Story,Family
1305,24553,6,2,1917,1199,4,1327,245,190678,CollgCr,1.5Fin,Family
1306,9272,10,6,1942,1275,2,729,262,293637,NAmes,SLvl,Normal
1307,11326,1,3,1969,1475,4,1055,635,184677,NAmes,1.5Fin,Alloca
1308,11472,4,5,1947,2579,1,1753,460,275901,OldTown,2Story,Alloca
1309,12758,10,2,1927,1812,4,1670,279,316959,NAmes,SLvl,Normal
1310,7922,3,3,1989,1257,6,1021,682,205317,CollgCr,1Story,Abnorml
1311,3311,9,8,1991,2145,6,937,-88,365617,Gilbert,SFoyer,Abnorml
1312,11701,10,9,1936,1354,4,993,226,305356,NWAmes,SFoyer,Family
1313,6549,9,4,1953,652,4,350,531,260423,NWAmes,1Story,Alloca
1314,8403,10,3,1987,2125,5,1634,662,365331,CollgCr,2Story,Normal
1315,13236,10,9,1976,1889,1,1436,543,370440,Gilbert,1Story,Partial
1316,9976,6,8,1948,1687,4,1398,949,261610,SawyerW,1.5Fin,Normal
1317,-2079,1,6,1935,1043,4,579,573,181093,CollgCr,2Story,Normal
1318,11946,1,4,1940,1705,4,1182,738,195013,Edwards,2Story,Family
1319,4559,7,8,1957,1496,5,1274,515,275668,Gilbert,1Story,Family
1320,12879,2,3,2008,1903,4,1423,140,281945,Gilbert,1.5Fin,AdjLand
1321,2946,9,7,1910,1616,2,1323,492,246794,NAmes,SLvl,Partial
1322,9366,3,2,1935,1585,4,1128,744,196755,CollgCr,1.5Fin,AdjLand
1323,13113,8,9,2008,1331,1,1073,237,315708,OldTown,SFoyer,Abnorml
1324,12787,4,5,1936,1194,2,581,506,220506,OldTown,2Story,Normal
1325,12954,2,5,1941,1263,6,1095,345,187391,OldTown,SLvl,Abnorml
1326,6167,9,4,1929,910,2,793,454,267185,CollgCr,2Story,Family
1327,11882,6,7,1993,504,1,349,154,232734,NAmes,1.5Fin,Abnorml
1328,-167,1,2,1988,1489,6,928,632,206464,NAmes,2Story,Alloca
1329,8229,8,9,1994,2117,3,1397,487,318278,CollgCr,SLvl,Abnorml
1330,8125,2,6,1953,1045,3,764,429,186435,SawyerW,2Story,Partial
1331,11605,4,5,1981,1642,6,1462,277,234329,CollgCr,2Story,Alloca
1332,10239,2,7,1926,906,2,577,423,150499,NWAmes,SLvl,Alloca
1333,11772,3,6,1928,1519,1,1086,549,203814,NridgHt,SFoyer,AdjLand
1334,6819,8,1,1911,1527,5,1624,475,250073,Edwards,SFoyer,Partial
1335,12837,7,7,1941,1441,6,1447,567,281333,Edwards,SLvl,Normal
1336,5542,9,1,1912,1432,4,1335,356,274398,SawyerW,2Story,Normal
1337,6726,8,9,1957,1228,6,1070,763,264510,Edwards,2Story,Partial
1338,-1196,8,3,1953,994,5,897,304,242291,NridgHt,SLvl,Normal
1339,7398,5,7,1927,1762,1,1138,615,236778,NAmes,SFoyer,AdjLand
1340,12107,5,5,1911,2138,1,1212,336,264346,Edwards,2Story,AdjLand
1341,7827,1,2,1948,1712,6,1196,651,193363,SawyerW,2Story,Family
1342,2564,8,7,1900,904,4,860,807,240126,Edwards,SLvl,Abnorml
1343,11582,5,5,1927,1424,1,1308,262,239946,NridgHt,1Story,AdjLand
1344,14223,8,9,1976,1255,5,857,434,297615,SawyerW,SFoyer,Alloca
1345,2051,2,6,1963,1369,6,839,283,170293,CollgCr,2Story,Normal
1346,8259,10,9,1952,1550,1,1345,625,344800,NWAmes,SLvl,Normal
1347,15333,5,9,1947,2264,3,2196,541,284279,NridgHt,2Story,Partial
1348,12199,6,4,1984,1144,2,620,470,277223,Somerst,1Story,Abnorml
1349,5219,4,1,1920,1577,2,1016,478,203240,NWAmes,1.5Fin,Abnorml
1350,20936,10,5,2006,871,3,631,649,291250,SawyerW,2Story,Family
1351,16313,6,5,1999,500,1,280,537,218060,NWAmes,SFoyer,Family
1352,6342,6,8,2000,2015,1,2093,611,279872,NAmes,1.5Fin,Abnorml
1353,9747,6,6,1958,1105,1,638,602,270684,Gilbert,SFoyer,Partial
1354,12302,5,5,1940,1573,4,1062,395,236759,Gilbert,SFoyer,AdjLand
1355,7532,1,7,1944,2068,5,1874,502,204745,OldTown,SFoyer,Partial
1356,5424,8,9,1965,1739,4,820,772,301159,CollgCr,SFoyer,Alloca
1357,10505,6,1,1969,1843,4,1400,257,255469,NWAmes,SFoyer,Partial
1358,15280,9,5,1905,1720,5,1628,15,274411,SawyerW,1.5Fin,AdjLand
1359,13005,2,5,1968,1494,5,694,444,210927,SawyerW,SLvl,Partial
1360,6975,7,3,1963,1299,2,637,377,281583,SawyerW,1Story,Normal
1361,14240,9,1,1982,1520,4,961,500,287189,NridgHt,1Story,Normal
1362,13986,1,4,1969,1247,5,754,661,168585,Somerst,SLvl,AdjLand
1363,7403,9,6,1951,984,1,776,724,296445,Gilbert,SLvl,AdjLand
1364,6700,1,3,1948,1565,4,1120,731,156473,Gilbert,SLvl,Abnorml
1365,2833,5,4,1907,1599,4,1306,496,226518,SawyerW,2Story,Abnorml
1366,15102,5,5,1937,2360,3,1766,628,291952,Gilbert,2Story,Family
1367,10436,10,7,1925,1472,2,958,613,299289,NAmes,2Story,AdjLand
1368,4374,6,9,1969,1370,6,1035,551,248290,Somerst,SLvl,Normal
1369,12075,8,1,1916,1444,3,1060,629,278344,NWAmes,1Story,Alloca
1370,12779,9,3,1948,1491,5,867,684,309000,NAmes,1.5Fin,Family
1371,-636,10,5,1951,1967,4,1420,434,300521,OldTown,1Story,Alloca
1372,12581,7,2,1930,2229,6,1862,696,303351,OldTown,SLvl,Family
1373,219,3,8,1967,1788,1,1877,503,235887,NridgHt,1.5Fin,AdjLand
1374,12078,6,3,1979,1992,5,1206,659,287544,SawyerW,SFoyer,Normal
1375,14499,6,9,2002,1556,3,1228,599,259735,OldTown,2Story,Abnorml
1376,15574,6,2,1978,1219,5,621,105,219663,NridgHt,2Story,Normal
1377,6898,2,8,1930,604,1,454,532,150841,SawyerW,1Story,Alloca
1378,14603,5,3,1928,2151,3,1977,562,252175,NWAmes,SLvl,Alloca
1379,19160,9,6,1935,772,3,454,305,208141,NAmes,SLvl,Alloca
1380,2511,6,5,2010,2153,1,1719,429,288111,CollgCr,SFoyer,AdjLand
1381,8463,10,7,1995,1586,2,1096,481,354272,NAmes,SLvl,AdjLand
1382,8554,2,6,1931,1808,3,1212,1062,240099,NridgHt,2Story,Abnorml
1383,14084,8,5,1941,1595,4,1325,274,317740,Edwards,SFoyer,Partial
1384,4295,3,9,1940,2105,6,1291,534,237246,SawyerW,SLvl,Alloca
1385,8764,4,9,2002,1097,2,866,798,237326,NAmes,1.5Fin,Normal
1386,13222,9,8,1904,978,2,353,715,244551,NWAmes,2Story,Abnorml
1387,8971,3,8,1974,532,3,327,1021,141591,Gilbert,1.5Fin,Family
1388,10104,10,4,1908,1027,2,976,529,252440,NAmes,SFoyer,Family
1389,20532,6,5,1922,976,6,760,664,209193,Edwards,1.5Fin,Partial
1390,6443,10,2,1973,2178,3,1282,554,383900,CollgCr,1Story,Alloca
1391,6508,3,8,1927,1383,4,1085,228,217912,NridgHt,2Story,Family
1392,16153,10,9,1945,520,4,298,218,216013,NWAmes,1Story,Normal
1393,4432,1,2,1992,2007,5,1908,575,239580,NAmes,1Story,Abnorml
1394,6919,2,5,1997,2119,3,1558,371,224475,SawyerW,SFoyer,Alloca
1395,5751,10,6,1925,668,1,469,688,260253,NWAmes,2Story,Abnorml
1396,3991,2,5,1949,2495,4,2574,479,227654,NWAmes,2Story,Normal
1397,13778,4,7,1969,1341,6,977,470,244410,OldTown,1.5Fin,Abnorml
1398,2819,7,5,1977,1283,6,1186,270,266759,OldTown,1.5Fin,Abnorml
1399,16113,8,2,1906,1275,1,772,405,243662,Gilbert,1Story,Partial
1400,16479,6,2,1940,1724,6,1500,639,265631,Somerst,1.5Fin,Normal
1401,6341,8,1,1973,500,1,238,488,225263,Edwards,SFoyer,Alloca
1402,14143,4,1,1905,1530,2,1347,482,191248,SawyerW,SLvl,Partial
1403,10141,6,8,1965,2230,4,1372,703,306495,OldTown,SFoyer,Abnorml
1404,16171,5,7,1971,966,2,514,510,282135,Gilbert,1Story,Alloca
1405,11898,6,9,1995,1554,5,781,611,264197,Edwards,1Story,Family
1406,8749,1,1,1929,1328,3,956,530,190443,OldTown,1Story,AdjLand
1407,15662,10,1,1933,1129,5,793,606,271033,NWAmes,2Story,AdjLand
1408,21491,4,6,1904,2154,5,1469,403,233211,OldTown,SFoyer,AdjLand
1409,12001,8,5,1927,1689,2,1440,556,295363,OldTown,1.5Fin,Alloca
1410,19110,1,6,1953,1498,4,1200,318,155568,NridgHt,SFoyer,Normal
1411,7950,6,7,1981,948,3,550,426,222809,Gilbert,SFoyer,Abnorml
1412,8831,6,9,1922,1454,4,889,655,224785,NridgHt,SLvl,AdjLand
1413,15291,3,3,1915,1734,2,1490,521,186845,NridgHt,1.5Fin,Alloca
1414,15381,5,9,1933,1496,1,1050,392,196599,NAmes,SLvl,Alloca
1415,16476,7,1,1956,2541,2,1655,200,353470,SawyerW,2Story,Normal
1416,13138,8,7,1956,1014,5,953,448,249324,SawyerW,SFoyer,AdjLand
1417,16671,6,9,1902,500,1,444,160,209113,NridgHt,SLvl,Partial
1418,13523,10,5,1951,2244,1,1680,753,344183,Gilbert,2Story,AdjLand
1419,21275,8,7,1917,1222,1,1091,693,266561,Edwards,SLvl,AdjLand
1420,15467,7,8,1900,1205,6,630,618,221852,OldTown,1.5Fin,Abnorml
1421,18532,10,1,1947,2108,2,1573,947,302172,OldTown,SFoyer,AdjLand
1422,11878,3,6,1946,1314,1,626,391,187145,NridgHt,SLvl,Family
1423,6978,6,9,2001,1820,2,1379,458,310907,NWAmes,1.5Fin,Alloca
1424,16749,2,3,1960,2146,1,1110,237,251423,Edwards,1.5Fin,Partial
1425,10483,5,4,1950,931,2,429,524,212602,NAmes,SFoyer,AdjLand
1426,14981,6,5,2001,1712,6,1210,363,318181,OldTown,2Story,AdjLand
1427,8283,9,9,1952,718,5,352,813,260432,CollgCr,SFoyer,Alloca
1428,5481,10,9,1969,2182,5,1569,433,382138,NWAmes,SLvl,Alloca
1429,16256,10,9,2003,1221,4,680,392,336470,SawyerW,1Story,AdjLand
1430,5755,8,6,1949,919,4,955,365,272235,NridgHt,SLvl,Alloca
1431,-4287,9,5,1913,1788,5,1299,410,292766,NridgHt,SLvl,Normal
1432,7304,3,5,1942,2308,1,1885,711,247611,SawyerW,1.5Fin,Normal
1433,8082,10,6,1919,1256,6,766,589,319241,OldTown,SLvl,Partial
1434,9171,5,6,1946,2321,6,2128,413,309043,SawyerW,SLvl,Partial
1435,15920,6,4,1982,611,2,447,444,229768,NridgHt,2Story,Abnorml
1436,7967,3,3,2004,2183,4,1138,163,260292,OldTown,SFoyer,AdjLand
1437,9159,5,7,1997,1983,4,1415,658,323102,Edwards,SFoyer,AdjLand
1438,13888,8,1,1948,1733,1,1152,103,309774,Somerst,SLvl,Normal
1439,9120,5,3,1914,1544,5,1392,249,223268,NWAmes,1.5Fin,Normal
1440,16177,5,2,1944,1818,4,1504,355,210057,Gilbert,1.5Fin,Partial
1441,7149,2,7,1901,1154,5,755,548,117457,SawyerW,2Story,Normal
1442,12742,2,1,1978,1284,6,673,397,186223,NAmes,2Story,AdjLand
1443,15822,7,4,1929,1466,5,881,608,271265,NWAmes,1Story,Abnorml
1444,6176,9,5,1953,1994,4,1232,156,343274,CollgCr,1Story,Normal
1445,9958,5,2,1910,925,6,608,566,204022,Edwards,1Story,Normal
1446,8404,10,1,1997,1890,1,936,716,362443,Somerst,1Story,Partial
1447,13328,10,6,1905,1721,3,1249,752,302062,NWAmes,2Story,Alloca
1448,8154,10,3,1957,1051,1,747,662,331178,Edwards,SLvl,Family
1449,11736,7,7,1971,2093,4,1646,593,338816,OldTown,SFoyer,Normal
1450,7043,5,1,2007,2621,6,1890,354,369243,OldTown,1.5Fin,Alloca
1451,7981,8,9,1935,1930,3,903,795,267997,Somerst,1.5Fin,Abnorml
1452,3995,4,7,1918,1896,3,1893,386,231940,Somerst,2Story,Alloca
1453,13268,2,7,1931,1673,5,1453,69,187185,Edwards,SFoyer,AdjLand
1454,9339,7,4,1979,1464,6,909,201,284715,NridgHt,SFoyer,Normal
1455,7527,3,8,1928,1114,4,788,603,157153,OldTown,1.5Fin,Abnorml
1456,16683,8,2,1970,2721,6,891,455,354733,NridgHt,1.5Fin,Partial
1457,16844,3,9,1925,2752,1,1204,793,291611,NWAmes,SFoyer,Alloca
1458,6857,6,8,1979,2251,6,2129,493,324995,NWAmes,SFoyer,AdjLand
1459,-55,7,2,1936,1483,1,1128,517,284194,NridgHt,2Story,Partial
1460,9988,7,4,1981,1989,5,1607,666,300373,Gilbert,1.5Fin,AdjLand
